술 종류,술 이름,술 도수,술 재료,술 소개,술과 같이 먹는 음식
증류주,팔로미 더 블랙 26 (8ROMI 19+ THE BLACK 26),26%,"정제수, 쌀(국내산), 찹쌀(국내산), 누룩","충남 특등급의 당해년도의 햅쌀을 주 원료로 사용하였으며, 無첨가물, 無화학조미료, 無보존제를 유지합니다.
비공개 특허기술과 상압방식의 2차 증류로 깔끔하고 부드러운 맛을 베이스로 곡물향과 한국 전통주의 깊은 맛을 느낄 수 있습니다.",
증류주,팔로미 더 화이트 21 (8ROMI 19+ THE WHITE 21),21%,"정제수, 쌀(국내산), 찹쌀(국내산), 누룩","충남의 당해년도 특등급 햅쌀을 주 원료로 사용하였으며, 無첨가물, 無화학조미료, 無보존제를 유지합니다.
비공개 특허 기술과 상압 방식의 2차 증류를 통해 깔끔하고 부드러운 맛과 깊은 곡물향을 함께 느낄 수 있습니다.",
증류주,진심 인삼주,19%,"쌀(국산100%),정제주정 , 인삼침출액 , 홍삼농축액, 고과담 , 스테비오솔바톨 , 구연산 , 정제염","진심 인삼주는 연한 미색을 띠며 6년근 인삼 한 뿌리를 같이 병입한 제품입니다. 
특수공법으로 쌉싸름한 맛과 인삼 향을 최소화시켜 소주를 좋아하는 애주가들도 좋아할 제품입니다.",삼겹살이나 김치찌개 또는 담백한 회 등 한국인들이 좋아하는 모든 요리와 같이 드시면 좋습니다.
증류주,병영사또,40%,"쌀증류식소주원액[햅쌀(국내산)],복분자(국내산),오디(국내산),정제수",40도 고도주임에도 부드러운 목 넘김은 전통주의 새로운 품격을 느끼게 합니다.오랜 숙성의 완숙주로 향기가 은은하고 목 넘김이 부드러우며 숙취가 없습니다.,매운 음식이나 기름진 음식과 함께하면 입안을 화사하게 정리해주어 궁합이 좋습니다.
증류주,백제소주,25%,"정제수, 쌀증류원액(쌀: 국내산 100%)","백제소주는 증류한 술을 한번 더 증류하여 더 깔끔하고,더 깨끗한 상태로 만들며 원주의 플로럴한 향을 가지며 8개월간 술 숙성 전용 항아리 숙성을 통해 숙취가 적고 부드러운 증류주를 완성시킵니다.","양고기,고기국수,닭곰탕,만두전골,명란계란탕 등"
증류주,가무치,25%,"정제수, 쌀(국내산), 입국, 효모","가무치 소주는 잔에 따르는 순간부터 피어오르는 강렬한 향을 가진 소주입니다.
하지만 그 속에는 섬세하고 부드러운, 신선한 향들을 가지고 있습니다.
입에 들어오면 무게감 있고 오일리한 질감들이 퍼지며
마지막에는 쌀에서 오는 기분좋은 달콤함이 잔잔하게 남아있게 됩니다.
천천히 음미하면 다양한 모습들을 만나볼 수 있는,
가무치 소주는 그런 역동적인 술입니다.",가벼운 한식류 (국물이 맑은 탕 /계절 나물 무침) 담백한 해산물 (광어회/구운 흰살 생선)
증류주,토끼소주 블랙,40%,"정제수, 찹쌀(국내산), 누룩, 효모, 효소제",술은 마시자마자 고소한 향이 은은한 스며드는 술입니다.깻잎에서 느낄 법한 향긋한 향이 입안 분위기를 화사하게 바꿉니다.,"그림새우 ,양꼬치 , 꿔바로우"
증류주,토끼소주 골드,46%,"정제수, 찹쌀(국내산), 누룩, 효모, 효소제","토끼소주를 미국산 버진 오크통 숙성을 거친 46도의 제품으로 오크의 바닐라와 다크초콜릿, 다크체리의 향긋함과 캐러멜, 구운 견과류의 부드럽고 풍성한 여운이 특집입니다.
개봉하여 마시는 첫 술도 좋지만 실온보관 후 마시는 두번째 술은 더욱 부드럽게 토끼소주를 즐기실 수 있는 방법입니다.","장어구이 ,맑은 탕"
증류주,려 고구마 소주,25%,"쌀증류소주원액(여주산 쌀 100%),정제수,고구마증류소주원액(여주산 고구마100%)",여주산 고구마100%를 상압 증류 후 옹기 숙성 해 깊고 풍부한 풍미가 뛰어난 부드러운 맛입니다.,"탕류(조개탕,홍합탕,복어탕,어묵탕 등 )육류 (수육 , 보쌈,쇠소기,구이,삼겹살 등)
샌선,해산물류(회,생선찜,생선구이 등) 간단한 안주류 (견과류,초콜릿 등)"
증류주,퍼플 진,36.5%,"진원액,정제수,퍼플그레이프칼라",달고 부드러운 맛이랑 거부감 없는 향기가 특징입니다. 증류주가 감미료를 넣은 것 처럼 달고 부드럽습니다.또한 향 손실을 방지하기 위해 특수한 방법으로 탈기와 숙성공정을 거친 후 만들어 집니다.,"생선회 ,핑거푸에 곁들여서 드시면 더욱맛있습니다."
증류주,운암 32오크,32%,증류원액(쌀-국내산100%).정제수,인공감미료 및 어떠한 당도 들어가지 않고 쌀 본연의 맛과 풍미에 집중한 무첨가 웰메이드 증류식 소주이며 32%도수지만 감압 증류 방식을 사용하여 깔끔하고 부드럽습니다.,스테이크와 같은 양식과도 잘 어울리며 치즈처럼 간단한 핑커푸드와도 잘 어울립니다.
증류주,주향아라,55%,"쌀(국내산),국,효모,정제수,정제효모",3년간의 숙성을 통해 목넘김의 이질감을 최소화하여 마시는 순간 녹아 사라지는 듯한 깔끔함을 선사합니다.,주향숙성주는 문어숙회 또는 송어회외 같이 마시면 잘 어울립니다.
증류주,M24,24%,"정제수,쌀,국,메밀",시원한 술맛과 따뜻하고 스파이시한 목넘김이 반전 매력으로 온 몸의 열기가 진한 여운을 주는 특별한 술입니다.,"탕요리 , 닭요리"
증류주,도원결의,40%,"정제수,증류원액,복숭아(국내산),복숭아향(천연향류),포도당,효소처리스테비아,구연산",청정지역 영덕의 해풍을 맞고 자란 복숭아를 천연 발효 기법으로 빚어 자연스러운 복숭아 향이 풍부하며 은은한 단맛과 상큼함이 조화롭고 목넘김이 부드럽습니다.,"가벼운 과일 안주, 크래커, 떡볶이, 가벼운 스낵류, 매콤한 음식"
증류주,제주 감귤주,50%,"감귤(제주산)증류주원액,정제수",신례명주는 반짝이는 황금빛 제주 감귤을 저온 발효하여 증류한 후 참나무통에 숙성한 술입니다.,"활어회 ,치즈, 육회 .."
증류주,전가네 육십일도,61%,"쌀 30.8%,효모0.12%,젖산0.08%,옥분7.7%,억새어린숨0.77%,지초뿌리0.19%,정제수60.34%,","인생의 새로운 출발의 의미인 환갑을 기념하며 마시기 위해 만든 술. 궁예의 눈물을 두 번 증류하고 지초를 통과시켜 61도로 만든 증류주, 실제 마셔보면 생각했던 것보다 목넘김이 부드러워 한번쯤은 시도해 볼만한 술.",
증류주,전가네 사십오도,45%,,궁예의 눈물을 두번 증류하고 지초를 통과시켜 만든 증류주이다.,
증류주,입술,40%,"쌀 효모, 젖산, 옥분, 어린억새순, 야관문, 정제수",술을 마신 날 밤 문을 차고 나간다는 전설의 비수리(야관문)이 들어간 40도 증류주로 원주는 궁예의 눈물로 두 번 증류한 후 다시 야관문 잎에 담궈 낸 40도 증류주이다.,육류 및 생선회
증류주,산정호수 솔잎주,30%,"찹쌀32.4%,누룩0.65%,솔입0.005%,정제수60.94%",궁예의 눈물을 두 번 증류하여 산정호수의 노송에 담궈 낸 30도 증류주이다.,
증류주,두레앙 브랜디,35%,"포도96.1%,메타증아황산칼륨,효모,설탕,정제수","두레앙 브랜디는 증류 과정에서 두통을 유발하는 초류와 후류를 제거해 깔끔한 맛을 자랑한다. 특히 맛을 좋게 하기 위해 감압식 증류로 생산, 일반 농가에서 만들어 먹는 증류주에 비해 불 냄새가 없고 포도향이 강해 제대로 된 거봉 증류주의 풍미를 만끽할 수 있다. 오크통 숙성을 하여 오크향과 묵직한 바디감이 일품이다.",알코올이 입술과 혀를 자극시키고 술을 마시고 난 후에도 입 안에 풍미가 가득하다. 굴 요리와 잘 어울린다.
증류주,양촌감 보드카,32%,"감발효증류주,정제수",추시는 홍국과 타닌으로부터 옅은 붉은 색을 띄며 감 고유의 은은한 향과 입안을 감싸는 독특한 떫은 맛이 특징입니다. 감을 사용한 술을 만들기 위해 홍국균을 이용하여 감을 발효시키는 특수공법을 개발하여 추시만의 독특한 맛과 향을 만들게 되었습니다.,"삼결살,생선회,생선구이"
증류주,월광주 42,42%,"쌀,물,누룩",삼양주 막걸리를 전통 방식으로 증류한 원주 그대로의 소주입니다. 전통 소주 그대로의 깊은 맛과 향을 즐길 수 있습니다.,
증류주,한주매화,35%,"쌀41.936%(국내산),정제수,누룩(밀)","한주(汗酒)는 땀을 내듯 증류시킨 술로
한방울 한방울 정성들여 만든 귀한 술을 의미합니다.",닭가슴살 구이.해산물
증류주,문배술 천향,40%,"증류원액(조(국산), 수수(국산),효모,국,정제수), 정제수","무첨가물, 무가 향 국내산 수수와 조로 만든 순수한 증류주입니다.","양갈비,제육볶음,참치회,홍어무침"
증류주,감홍로,40%,"정제수,쌀(국내산),조,용안육,계피,진피,정향,생강,감초,자초",은은하고도 강렬한 계피 향미가 도드라지는 전통 증류주입니다.,"전과 같은 한식, 해산물과도 잘 어울리는 술입니다."
증류주,이강주 5호,25%,"쌀(국산), 정제수, 배(국산), 정맥(국산), 생강(국산), 울금, 계피, 꿀, 효모, 누룩, 조효소제","이강주(梨薑酒)는 조선시대 3대 명주 중 하나로서, 전통소주에 배(梨:배나무 이)와 생강(薑:생강 강)이 들어간다고 하여 이강주라 불리게 되었으며 예전에는 약의 의미인 이강고(梨薑膏)라 불렸습니다.","육회,부침개"
증류주,별헤주 1941,17%,"매실(국내산), 정제수, 발효주정, 과당, 천일염,에리스리톨, L-아스파라긴산(영양강화제)","과학적인 검증을 거친 저온 숙성법을 활용한 증류주입니다.영양이 가장 풍부한 매실을 한 알 한 알 엄선하여 수확해

매실의 깊은 맛과 향을 담았습니다.","육류, 해산물, 한식, 양식, 일식, 중식"
증류주,해운대블루스,17.3%,"증류원액, 정제수, 매실, 기타과당, 에리스리톨",국내산 쌀을 발효 숙성하여 증류한 술에 직접 재배한 매실을 듬뿍 더하여 만든 전통주입니다.,"육류, 해산물, 과일, 치즈."
증류주,대숲 맑은 담양향 Gold,41%,"정제수, 쌀, 벌꿀, 조제종국, 젖산",담양의 친환경 쌀을 우리 전통의 소주 제조 기법으로 1~5년 저온숙성을 통해 만든 프리미엄 증류식 소주입니다.,"한식,보쌈.."
증류주,이연56,56%,"수수, 누룩, 효모, 정제수",무농약 수수를 사용하기 때문에 안심하고 마실 수 있는 국산 고량주입니다.,
증류주,복분자 그라빠,40%,"증류원액(국내산 복분자), 정제수",항아리 숙성 후 냉동여과공법을 이용해 복분자의 달달한 향과 깔끔한 맛이 특징입니다.,"육류, 치즈, 해산물."
증류주,양반안동소주 3년산 호리병,45%,"쌀100%+천연암반수, 순곡주",100% 국내산 쌀과 안동 고지대의 암반수를 사용하여 만들어졌으며 어떠한 첨가물도 혼합하지 않은 전통 증류주입니다.,"삼겹살, 해산물."
증류주,병영소주,40%,"보리증류식소주원액, 정제수",100% 국산 보리를 발효 및 증류하여 만든 보리소주입니다.,"한식, 육류, 해산물."
증류주,댄싱22,22%,"정제수, 사과증류원액, 사과농축액, 사과향","100% 국산 사과 약 7개를 저온에서 진공상태로 증류하여

소주의 쓴 맛은 없애고 사과의 은은한 단맛과 향만 남은 증류주입니다.","물회,대하구이,오징어 초무침"
증류주,만월  24/40,24%/40%,"단수수증류원액, 복분자과즙, 정제수","높은 도수와 반대로 목 넘김이 부드러웁니다.

또한, 색소를 사용하지 않고 복분자 원료가 들어가 선명한 붉은색을 띄며 복분자 향이 은은하게 납니다.","장어구이,구절판"
증류주,죽력고,32%,"쌀, 죽력, 누룩, 정제수","대나무를 토막 내 불을 지펴 흘러내리는 대나무즙‘죽력’에

대잎, 석창포, 계심 등을 넣고 소주를 내려 증류시킨 술입니다.","해산물,전골"
증류주,주향이오,25%,"쌀(국내산),국,효모,정제수,정제효소",주향이오는 부드럽고 새겅이 강하지 않으며 주향담을은 약간의 단맛에 은은한 향이 납니다.,"문어숙회 ,송어회"
증류주,농태기,25%,"정제수, 쌀(국산 충북음성 다올찬쌀)","알싸한 고추씨의 스파이시한 맛과 구수한 누룩의 향미,특유의 산미로 끝맛이 깔끔합니다.","꼬치류,전,부침개.육류 등등 .."
증류주,하늘아래서,24%,"단감증류원액,정제수","숙성된 단감와인을 감압증류하여 부드러우면서 깨끗하고,100% 국내산 단감의 고유한 향과 풍부한 맛을 담아낸 증류주입니다.",
증류주,모을동주 소주,43%,"물, 쌀(철원군), 국, 효모, 밀함유","주정에 감미료를 타서 만든 저렴한 희석식 소주가 아닌, 술덧을 증류한 그대로를 담은 오리지널 증류식 소주입니다.","버섯 전골 ,차돌박이 숙주 볶음."
증류주,형형40,40%,증류원액(경기도 친환경 쌀100%).정제수,상상 이상의 부드러운 목넘김과 고유한 쌀 향을 머금은 깔끔한 증류주입니다.,"갈비찜,전골요리"
증류주,연연 25,25%,증류원액(경기도 친환경 쌀100%).정제수,쌀 소주에 깨의 향을 더하여 두 번 내린 증류주입니다.,"생선회,두부 요리,산채 요리"
증류주,BURNT 번트,25%,"메밀(강원도 양양산100%)증류원액,정제수",번트 보리25는 한국 최초의 볶은 보리 소주입니다.숨쉬는 항아리에서 숙성된 소주는 목넘김이 부드럽고 원재료의 향과 맛이 살아있는 것이 특징입니다.,"육류,생선회,오뎅탕,조개찜"
증류주,탱자 C,23%,"증류원액[김해산 햅쌀100%, 진영단감 발효수(28.5%),자연야생탱자(22.5%), 누룩(밀함유,국내산)], 정제수, 효모","탱자-씨 증류주는 술의 품질을 위해 증류중 초류, 후류를 과감 하게 제거하여 본류에만 충실한 증류주이며 평균 4개월의 숙성 과정과 5회의 숙성실 이동으로 깊은 맛과 부드럽고 진한 향을  내어 아주 오래 숙성된 술처럼 느껴집니다.","족발,골뱅이무침,물김치"
증류주,우곡소주,25%,"쌀소주원액(쌀(국내산), 국, 효모, 젖산, 물), 물",감미료를 전혀 넣지 않고 오직 쌀과 누룩으로만 빚은 한국 전통 증류식 소주입니다.,파스타.회/육회 등 ..
증류주,로아 포르토,40%,쌀소주원액(쌀(국내산),"국내산 햅쌀과 특허받은 누룩을 정성을 담아 끓여 증류하고 오크통에 숙성한 진짜 소주입니다.
배도가 로아 포르토는 국내 최초 포르투 포도주 오크통을 사용해 숙성한 지금까지 볼 수 없었던 프리미엄 한국 증류식 소주입니다.",견과류.
증류주,가무치 43%,43%,"정제수, 쌀(국내산), 입국, 효모",감압식 소주와 비교하여 상압식 소주는 향이 다채롭고 화려하다는 특징이 있습니다.하지만 자칫 탄내취나 누룩취가 과하게 두드러질 수 있다는 단점이 있습니다.,
증류주,바야흐로,40%,증류주 원액,"시나브로 와이너리에서 직접 양조한 와인을 증류해 만든 술입니다.

한 해에 약 500병만 생산합니다.

기존의 증류주와는 다른 특별한 맛과 향이 특징입니다.

40도 고도주라는 것이 믿기지 않을 만큼 목넘김이 부드럽고 깔끔합니다.",
증류주,바야흐로 오크,40%,증류주 원액,화려한 꽃향과 과일향과 오크향의 조화를 느낄 수 있다. 포르투갈산과 국내산 오크를 사용하여 단맛과 신맛이 어우러진 균형감을 느낄 수 있다.,
증류주,술숲,19%,"정제수, 감귤(제주산)증류원액, 알로에(제주산)농축액, 곡물주정",청정 제주 특산물 알로에로 빚은 술. 제주 감귤증류원액을 더해 깨끗하고 감미로움을 더함. 상쾌하고 깔끔한 목넘김.,"갈치조림, 딱새우 회, 순대볶음, 삼겹살"
증류주,야수 S 53,53%,"고구마 증류주원액(강화섬쌀, 강화 고구마 100%)","해풍 맞고 자란 강화섬 쌀과 강화 고구마, 전통 누룩 등 자연의 재료로만 빚은 고구마 소주.","육회, 삼겹살"
증류주,야수 R 53,53%,"쌀 증류주원액(강화섬쌀, 찹쌀, 차조), 누룩(국내산), 정제수","해풍 맞고 자란 강화섬 쌀과 찹쌀, 교동의 차조, 전통 누룩 등 자연 재료로 빚은 증류주. 풍부한 향과 부드러운 맛이 특징.","튀김류, 버섯 요리"
증류주,야수 G 53,53%,"인삼 증류주원액(감화섬쌀, 찹쌀, 강화 6년근 인삼 100%), 누룩(국내산), 정제수","해풍 맞고 자란 강화섬 쌀과 찹쌀, 강화 6년근 인삼, 전통 누룩, 정제수로 빚은 증류주. 깔끔하고 부드러운 맛과 강화 인삼의 풍미",오리고기
증류주,화심소주 군쌀,25%/ 40%%,"군쌀, 물, 위스키 효모",구운 쌀에 입국과 누룩 대신 효소와 효모를 사용해 재료가 가진 맛을 균형감 있게 이끌어냈다. 고소한 풍미를 자랑하는 골든퀸 쌀을 그래도 갈아 진한 맛이 특징.,"갈비찜, 누룽지백숙, 장어구이 등 양념된 육류 똔느 고소하고 담백한 음식"
증류주,화심소주 군고구마,25%/ 40%%,"군고구마, 물, 위스키 효모",구운 고구마에 입국과 누룩 대신 효소와 효모를 사용해 재료가 가진 맛을 균형감 있게 이끌어냈다. 군고구마 특유의 진하고 깊은 맛과 껍질이 주는 화려하고 향긋한 맛이 특징.,"밀푀유나베, 연포탕, 꼬리수육 등 국물있는 담백한 음식"
증류주,애플스피릿,20%,"정제수, 사과증류원액(사과:국산), 사과농축액(사과:국산), 사과향",사과 맛과 향이 풍부하여 경쾌한 맛. 사과로 시작해 깔끔하게 떨어지는 피니시가 특징. 부드러운 바디감과 은은한 향의 균형이 좋다.,"사과 조림을 얹은 팬케이크, 아보카도 오픈샌드위치"
증류주,바띠,21%,,,
증류주,숙희59,59%,"유기농 쌀(골드퀸3호), 누룩, 물","곡성의 자랑, 누룽지의 향을 담아낸 유기농 백세미로 인해 강렬한 원료의 향과 맛이 지속된다. 상압방식으로 5년 이상 옹기에 숙성하였으며 부드러운 마무리감을 자아낸다.",
증류주,형형 25,25%,"경기도 친환경쌀 100%, 정제수, 에탄올 함량 25%",경기도 광주에서 재배한 쌀로 만든 부드럽고 달콤한 소주이다.,"평양냉면, 보쌈, (냉)제육 및 편육, 녹두전과 같은 한식"
증류주,별그리안 초설감,40%,"감귤(제주산), 거조효모, 설탕, 정제수",상압증류 방식을 통해 제주 감귤의 상큼한 향을 담아낸 감귤 증류주다.,"생선회, 초무침"
증류주,려 2013 본,41.5%,"증류소주원액(고구마 여주산 100%), 쌀(여주산 100%), 정제수","려의 뿌리가 된 여주 증류소의 첫 원액이 10년 숙성의 기다림을 거쳐 완성된 증류주다. 상온 보관 후 얼음 없는 온더락잔에 1/4 정도를 따라서 한 모금씩 천천히 즐기면 여주산 고구마의 달큰함과 쌀의 감칠맛을 더욱 풍부하게 느낄 수 있다. 차갑게 마실 경우 아로마 성분들이 모여 만드는 하얀색 결정체들이 보일 수 있는데, 이는 Non Chill Filtered 증류주만의 특징이자 자연스러운 현상이니 안심하고 마셔도 된다.","회, 치즈"
증류주,설홍,20%,"동백증류원액, 정제수, 곡물주정",제주 동백꽃을 발효해 동백발효주를 만들고 여기에 단식 상압 증류한 동백증류원액을 배합하여 동백의 향긋함을 더한 술이다.,"전, 낙지볶음, 돼지고기"
증류주,성산포소주,25%,"정제수, 쌀(국내산), 입국, 효모",성산포소주는 제주의 맑고 깨끗한 화산암반수와 쌀로 빚어졌다. 쌀 고유의 고소한 풍미와 깊은 청주의 향이 특징이다. 목넘김이 부드럽고 깔끔한 뒷맛 덕분에 부담 없이 마실 수 있다.,"돌문어숙회, 삼치회, 참소라"
증류주,필 25,25%,"정제수, 고구마증류원액(고구마여주산100%)",여주산 쌀과 고구마를 발효시켜 만든 증류주다. 오랜 숙성을 거쳐 빚어낸 고구마의 은은한 향이 일품이다. 깔끔하고 부드러운 목넘김이 특징이며 쌀의 은은한 단맛도 느껴진다.,"불고기, 갈비"
증류주,게이샤,9%,"증류원액, 주정, 커피원두(게이샤)",홍천의 쌀로 만든 전통소주에 향미와 단맛이 풍부한 에티오피아 게이샤 커피원두를 넣어 만든 증류주다. 풍성한 열대 과일과 꽃 아로마 향이 나면서도 쌉쌀하며 고소한 맛이 나는 것이 특징이다.,"달달한 디저트류, 스테이크"
증류주,쇼어 RED,25%,"찹쌀(국내산 포천), 쌀(국내산 포천), 쌀누룩(국내산-자사제조), 효모(국내산-한국식품연구원), 정제수","강원도 인제산 쌀로 만들어진 &amp;amp;#039;쌀 보드카&amp;amp;#039;이다. 자작나무 숯으로 여과해 깨끗한 맛을 자랑하며, 특별한 재료인 청양고추가 더해져 독특한 풍미를 선사한다. 깔끔한 단맛과 40도의 묵직한 알코올감이 조화롭게 어우러지고, 차갑게 먹으면 더욱 풍부한 맛을 느낄 수 있다. 목넘김이 좋고 특유의 상쾌함이 느껴진다.","삼겹살, 전"
증류주,안동 진맥 소주,40%,통밀,직접 기른 유기농 통밀을 상압 증류하고 저온 발효하는 과정을 거쳐 만든 밀 소주로 통밀의 고소함과 감칠맛이 느껴진다. 소주 한 병이 만들어지는 데에 2년의 시간이 소요되며 부드러운 맛과 향을 가지고 있다.,"오리고리, 곱창"
증류주,양평 밀 소주,53%,통밀,양평에서 제배된 통밀을 원료로 만든 증류식 소주. 스트레이트 방식으로 마시면 부드러운 목 넘김과 향을 온전히 느낄 수 있다. 밀 특유의 고소한 향과 부드러움이 특징이다.,"기름진 꼬치류, 매콤한 양념의 한식"
증류주,소주다움 45,45%,"쌀증류식소주원액(쌀: 국내산), 정제수",상큼한 청귤향을 중심으로 꽃향기와 풀잎향이 어우러져 독특한 풍미를 자아내는 증류식 소주. 쌀의 단맛이 느껴지고 이후 짜릿한 청량감이 퍼지면서 묵직한 바디감이 오랫동안 입안에 남는 것이 특징이다.,"소고기, 돼지고기"
술 종류,술 이름,술 도수,술 재료,술 소개,술과 같이 먹는 음식
증류주,유기농 이도 42,42%,"유기농쌀 (100%), 정제수, 증류원액, 국, 조제종국, 효모 등","입안으로 날카롭게 파고드는 42도의 높은 도수에 놀라기도 전에 뿜어내는 미묘한 향과 지날수록 부드러운 목 넘김에 마실 때마다 새로운 느낌이 드는 &amp;quot;이도 42&amp;quot;, 국내 유일의 유기가공 증류식 소주로 고급스럽게 녹아있는 우리의 전통을 그대로 느낄 수 있습니다. 친환경 유기농인증 쌀로 오랜 기간 숙성시킨 뒤 감압 증류로 저온에서 증류해 쌀의 누룩 한 맛을 잡아내었으며 고급스러운 포장까지 더해져 선물용으로 좋습니다.",쌀을 발효시켜 증류해 매우 깔끔하지만 알코올 향과 혀를 자극시키는 맛이 강합니다. 이도 한잔에 시원한 복지리탕이 생각납니다.
증류주,한산 소곡화주,41%,"찹쌀, 멥쌀, 누룩",한산소곡주를 소줏고리에 불을 지펴서 증류하여 만든 술로 소곡화주 또는 불소곡주라고도 불립니다. 한산소곡화주는 국내산 찹쌀과 누룩을 주원료로 빚은 한산소곡주를 한 방울 한 방울 정성을 다하여 증류시켜 만든 고도주(高度酒)입니다. 강한 첫 맛과 함께 깔끔한 뒷맛을 가지고 있으며 고급원주을 사용하기 때문에 그 맛과 향이 어느 술보다 뛰어납니다. 2016년 대한민국 우리술품평회 일반증류주 부문에서 장려상을 수상하였습니다.,높은 온도에서 증류한 곡향이 올라오고 알코올 도수에 비해서 술 맛이 매우 부드럽습니다. 술을 마시고 난 후에 혀에 남는 알코올이 긴 여운을 남깁니다. 시간이 지날수록 박하와 가은 화한 맛이 입 안에 남는 것이 특징입니다. 맑은 복지리 탕과 잘 어울립니다.
증류주,추사47,47%,"예산사과(100%), 효모",예산사과와인에서 직접 재배한 사과를 증류한 사과증류주입니다. 2500일이 넘는 기다림을 통해 탄생한 추사47은 첨가물 없이 하나의 오크통을 선별 후 그대로 추출해 세상에 단 400병만 존재합니다. 부드러운 바닐라향과 사과향의 풍미를 느낄 수 있습니다.,-
증류주,밤빛머루,16.9%,무주 머루,"밤빛머루는 해발 500m 청정지역 무주에서 재배한 머루를 발효한 와인을 증류해 만든 증류주입니다. 1차 증류를 통해 45도 원액을 3.8% 사용해 희석한 16.9도 술입니다. 10월에 수확한 머루만 사용했으며 음용 시 부드럽고, 은은한 향과 깔끔한 뒷맛이 일품입니다.",-
증류주,예천주 사월365,36.5%,"오미자(국내산)증류원액, 건오미자(국내산)추출액, 정제수","""예천주 사월""는 경북 예천의 친환경 오미자를 원료로 국세청으로부터 이전 받은 특허공법과 농업회사법인(주)착한농부의 주류 생산 역량이 결합하여 탄생한 프리미엄 오미자 증류주입니다. 맑고 투명한 주황 빛깔에 오미자 특유의 오묘하고 상큼한 향, 그리고 오미자의 다섯 가지 맛을 느낄 수 있는 제품입니다. 다수의 주류품평회에서 수상하여 맛과 품질을 인정 받았습니다. 춤출사(娑), 달월(月)을 브랜드로하고 있는 ""예천주 사월""은 입안에 머금으면 달빛아래 춤을 출듯한 같은 느낌을 표현한다고 합니다.",약용증류주로 증류한 후에 오미자를 활용해 아주 엷은 황금색을 가진 오미자 증류주입니다. 오미자의 신선한 향이 살아있으며 입 안에 넣으면 산뜻함이 입 안을 꽉 채워줍니다. 술이 가진 향과 맛에 비해 입 안에 느껴지는 자극이 강하여 매우 남성스러운 술이라 할 수 있습니다. 오리백숙과 아주 잘 어울립니다.
증류주,예천주 사월24,24%,"오미자(국내산)증류원액, 건오미자(국내산)추출액, 정제수","""예천주 사월""는 경북 예천의 친환경 오미자를 원료로 국세청으로부터 이전 받은 특허공법과 농업회사법인(주)착한농부의 주류 생산 역량이 결합하여 탄생한 프리미엄 오미자 증류주입니다. 맑고 투명한 주황 빛깔에 오미자 특유의 오묘하고 상큼한 향, 그리고 오미자의 다섯 가지 맛을 느낄 수 있는 제품입니다. 다수의 주류품평회에서 수상하여 맛과 품질을 인정 받았습니다. 춤출사(娑), 달월(月)을 브랜드로하고 있는 ""예천주 사월""은 입안에 머금으면 달빛아래 춤을 출듯한 같은 느낌을 표현한다고 합니다.",약용증류주로 증류한 후에 오미자를 활용해 아주 엷은 황금색을 가진 오미자 증류주입니다. 오미자의 신선한 향이 살아있으며 입 안에 넣으면 산뜻함이 입 안을 꽉 채워줍니다. 술이 가진 향과 맛에 비해 입 안에 느껴지는 자극이 강하여 매우 남성스러운 술이라 할 수 있습니다. 오리백숙과 아주 잘 어울립니다.
증류주,한산예담은 한산소곡화주,41%,"찹쌀, 멥쌀, 누룩, 대두, 구절초",한산소곡주를 소줏고리에 불을 지펴서 증류하여 만든 술로 소곡화주 또는 불소곡주라고도 불립니다. 한산소곡화주는 국내산 찹쌀과 누룩을 주원료로 빚은 한산소곡주를 한방울 한방울 정성을 다하여 증류시켜 만든 고도주(高度酒)입니다. 강한 첫맛과 함께 깔끔한 뒷맛을 가지고 있으며 고급원주을 사용하기 때문에 그 맛과 향이 어느 술보다 뛰어납니다. 2016년 대한민국 우리술품평회 일반증류주 부문에서 장려상을 수상하였습니다.,높은 온도에서 증류한 곡향이 올라오고 알코올 도수에 비해서 술 맛이 매우 부드럽습니다. 술을 마시고 난 후에 혀에 남는 알코올이 긴 여운을 남깁니다. 시간이 지날수록 박하와 가은 화한 맛이 입 안에 남는 것이 특징입니다. 맑은 복지리 탕과 잘 어울립니다.
증류주,주향아라,55%,"쌀, 국, 효모, 정제수","주향아라는 3년간의 기나긴 항아리 숙성을 거칩니다. 숙성이 가능한 무유 옹기병에 병입 숙성으로 만들어져 부드럽고 깔끔합니다, 화려한 향이 병입의 상태에서도 연속하여 점점 깊어지게 됩니다.",-
증류주,주향담을,41%,"쌀, 국, 효모, 정제수","옹기 장인 ""이윤"" 대표가 직접 빚는 술로, 41%의 도수에도 부드러우며 깔끔합니다. 3년간의 기나긴 항아리 숙성 시간을 거쳐 국내산 순수 우리쌀로만 빚어낸 프리미엄 증류식 소주입니다. 장기 숙성의 특징인 부드러움과 깔끔한 속성을 가지면서도 시음 후 오래도록 화려한 향이 남게되는 술입니다.",
증류주,연천 우주,22%,"쌀(국내산), 누룩, 효모, 효소, 연천율무, 정제수","경기도 최북단 DMZ의 민통선에 위치한 연천양조장에서 연천 고래실논에서 재배되는 연천쌀과 연천 율무로 빚은 연천 우주는 일반증류주입니다. 예부터 전해오는 율무로 빚은 술은 의이인주, 옥로주가 있는데 의이인은 우리말로 율무를 말하며 동의보감과 임원십육지에 보양주로 소개되어 있습니다. 연천 우주는 연천의 주특산품인 율무로 발효주를 빚어 구리로 된 소줏고리로 직접 불을 때 상압방식으로 증류하여 우리나라 소주의 고유한 향이 그대로 담긴 전통 증류주입니다.","무색투명한 색으로 시작한 이 소주의 매력은 향에서 만날 수 있습니다. 잘 구워진 가래떡과 같은 고소함이 있기 때문입니다. 묵직한 알콜올 맛에서 시작했다가 이내 입속을 가득 채우는 쌀 발효향을 느낄 수 있습니다. 알코올 함유량 22%로 다른 증류식 소주에 비해 다소 낮은 편이지만, 향 하나하나가 무척 잘 살려져 있어 얼음, 탄산수 등과 함께 즐기기 충분합니다. 얼음이나 탄산수 없이 단독으로 즐긴다면 육포 및 견과류를 추천하며, 고기류라고 한다면 담백한 한우 등심구이 등이 잘 어울릴 것입니다."
증류주,부자진 오미자 진,44%,"솔잎, 쑥, 헛개, 한라봉, 오미자 등","경기도 양평에서 직접 허브농장을 운영하시는 아버지와 영국, 싱가포르, 한국에서 증류기술을 익힌 아들이 진 레시피를 개발해 만든 100% 국내산 프리미엄 크래프트 진(GIN)입니다. 부자진 배치#0002-오미자 진은 향긋하고 부드러우며 복합적인 오미자의 맛과 향이 담겨져 있는 국내 최초 오미자 진입니다.",-
증류주,안동소주 일품 17도,17%,"국내산 쌀, 입국","""안동소주 일품 17도"" 제품은 은 전통적인 안동소주 제조방식으로 술을 빚은 후 저도주를 선호하는 소비자의 입맛에 맞춰 기존 40도에서 17도로 가볍게 마실 수 있는 제품으로 출시하였습니다. 2015년 대한민국 우리술품평회에서 증류식소주 부문 대상을 수상, 2016년 세계적인 권위의 주류품평회 몽드셀렉션에서 금상을 수상한 제조사 ""안동소주일품""에서 선보이는 제품으로 패키지 디자인 또한 현대적인 감각으로 디자인하여 안동소주를 현대적으로 재해석한 제품입니다.",기존 40도 이상의 안동소주를 좀 더 간편하게 즐기기 위해 알코올도수를 낮춘 제품입니다. 안동소주 특유의 그윽한 향이 올라옵니다. 술을 입에 넣으면 크림과 같은 부드러움이 입 안 전체를 채워주고 알코올이 혀를 자극시킵니다. 목넘김이 좋고 술을 마시고 난 후에 여운이 짧습니다. 해물찌개 등과 잘 어울립니다.
증류주,안동소주 일품 40도 골드,40%,"국내산 쌀, 입국","&amp;quot;안동소주 일품 40도 골드&amp;quot;는 전통적인 안동소주 제조방식으로 술을 빚은 후 오크통에서 한번 더 숙성시켜 브랜딩한 프리미엄 소주입니다. 2015년 대한민국 우리술품평회에서 증류식소주 부문 대상을 수상, 2016년 세계적인 권위의 주류품평회 몽드셀렉션에서 금상을 수상하며 그 품질력을 인정 받았습니다.",알코올도수가 높지만 신선한 향이 올라옵니다. 술을 입에 넣으면 크림과 같은 부드러움이 입 안 전체를 채워주고 알코올이 혀를 자극시킵니다. 목넘김이 좋고 술을 마시고 난 후에 여운이 짧습니다. 간고등어 구이와 잘 어울립니다.
증류주,안동소주 일품 21도,21%,"국내산 쌀, 입국","""안동소주 일품 21도"" 제품은 은 전통적인 안동소주 제조방식으로 술을 빚은 후 저도주를 선호하는 소비자의 입맛에 맞춰 기존 40도에서 21도로 가볍게 마실 수 있는 제품으로 출시하였습니다. 2015년 대한민국 우리술품평회에서 증류식소주 부문 대상을 수상, 2016년 세계적인 권위의 주류품평회 몽드셀렉션에서 금상을 수상한 제조사 ""안동소주일품""에서 선보이는 제품으로 패키지 디자인 또한 현대적인 감각으로 디자인하여 안동소주를 현대적으로 재해석한 제품입니다.",기존 40도 이상의 안동소주를 좀 더 간편하게 즐기기 위해 알코올도수를 낮춘 제품입니다. 안동소주 특유의 그윽한 향이 올라온다. 술을 입에 넣으면 크림과 같은 부드러움이 입 안 전체를 채워주고 알코올이 혀를 자극시킵니다. 목넘김이 좋고 술을 마시고 난 후에 여운이 짧습니다. 해물찌개 등과 잘 어울립니다.
증류주,설레온,40%,"쌀, 누룩, 효모, 정제수","설레온&amp;amp;quot;은 오랜 전통의 &amp;amp;quot;가야곡왕주&amp;amp;quot;가 &amp;amp;quot;대윤가야곡주조&amp;amp;quot;로 새출발을 하며 현대적 감성을 가진 진화하는 전통주 상품개발의 일환으로 선보인 제품입니다. 첫 눈을 맞는 설레임과 눈 덮인 설경의 깨끗함, 그런 풍경이 전하는 따스하고 포근한 느낌을 제품에 담았습니다.",은은한 알코올향이 산뜻하게 올라오고 술을 입에 넣으면 처음에는 부드럽게 들어가지만 그 뒤에 알코올의 자극적인 맛이 입 전체를 채웁니다. 술을 마시고 난 후에 혀에 남는 진한 알코올이 긴 여운을 남겨 음식을 당기게 만듭니다. 한우 구이가 제격입니다.
증류주,샤토미소 영동,40%,포도,&amp;quot;샤토미소 영동&amp;quot;은 포도의 고창 충북 영동에서 생산된 포도로 와인을 빚고 그 와인을 증류하여 만든 제조사 도란원만의 독창적인 맛과 향을 자아내는 브랜디입니다. 브랜디는 &amp;quot;브랜디와인&amp;quot;의 줄임말인데 과실을 양조하여 증류한 술이지만 보통 단순히 브랜디라고 하면 포도주를 증류한 술을 가리킵니다. 2018년 한국와인대상 주류품평회에서 골드상을 수항하며 와인의 명가 도란원 제품의 새로운 지평을 열고 있습니다.,"가볍게 오크통에서 숙성한 듯 황금색을 띠고 있습니다. 알코올 도수 40도의 높은 도수지만, 원액에서 묻어나오는 포도향과 가벼운 화이트 초콜릿 향이 느껴집니다. 알코올 도수 40도를 생각하면 무척 부드러운 맛을 자랑하며, 마지막 후미에서 살짝 산미가 느껴지는 부분이 매력적입니다. 기름진 메로구이 등이 생각나는 맛입니다."
증류주,병영소주,40%,"정제수, 보리증류식 소주원액(보리: 국내산)","병영소주에 사용되는 보리는 100% 국내산만을 사용하여 주변 농가에도 큰 도움을 주고 있습니다. 보리를 재배하는 농가가 많지않아 원재료에 들어가는 비용도 만만치 않지만, 좋은 술을 빚기 위해서는 좋은 재료만을 써야 한다는 철칙아래 지금까지도 욕심을 고집하고 있는 것입니다.",증류 과정에서 나온 고소한 향과 단향이 은은하게 올라옵니다. 단맛이 전체적인 술 맛을 이끌어 도수가 높지만 목넘김을 부드럽게 만듭니다. 명란젓과 잘 어울립니다.
증류주,문경바람 백자 25,25%,사과(문경산),"한국 최초의 위스키 마스터블랜더 이종기 명인의 37년간 쌓아온 양조 기술로 탄생한 고급 증류주이다. 맛과 당도가 우수한 문경사과를 원료로 정통발효공법으로 제조한 사과와인을 증류하여 오크통에서 숙성하였다. 상큼한 증류주를 즐기고 싶은 사람에게 추천하는 제품으로 옹기에서 숙성한 만큼 특유의 과실향이 살아있으며, 뒤이어 올라오는 증류주 특유의 타격감이 살아있다. 다서 터프한 느낌도 있지만 오히려 이러한 부분이 매력적으로 다가오는 제품. 전체적인 균형미와 사과향이 좋은 느낌이다.","하이볼 형태로 육전, 동태전, 수육 등과 잘 어울린다."
증류주,문경바람 백자 40,40%,사과(문경산),한국 최초의 위스키 마스터블랜더 이종기 명인의 37년간 쌓아온 양조 기술로 탄생한 고급 증류주이다. 맛과 당도가 우수한 문경사과를 원료로 정통발효공법으로 제조한 사과와인을 증류하여 오크통에서 숙성하였다. 말린 사과칩에서 나는 달콤한 사과향을 머금었다. 한 모금 맛보면 알코올감과 함께 산뜻한 느낌이 더해진다.,"주인공 사과가 돋보일 수 있도록 사과 절임과 함께하면 좋겠다. 딜, 바질과 같은 허브를 곁들인다면 재밌는 경험이 될 것이다."
증류주,민속주 안동소주,45%,"국내산 쌀, 누룩, 정제수","안동소주는 주로 명문가의 가양주로 계승되어 왔으며 일제 강점기와 해방 후 식량문제 등으로 자칫 단절될 위기에 처한 적이 있었다. 서울 올림픽을 계기로 정부의 적극적인 민속주 발굴에 힘입어, 1987년 경북 무형문화재 제12호 안동소주 기능보유자로 고 조옥화여사가 지정되어 1990년 9월에 생산을 시작했으며, 고 조옥화 여사는 2000년 국가지정 식품명인 제20호로도 지정되기도 했다. 현재는 안동소주 기능보유자인 며느리 배경화와 아들 김연박에게 제법이 전승되어 생산하고 있다. 안동의 “맑고 깨끗한 물과 옥토에서 수확된 양질의 쌀”을 가지고 전통비법으로 빚어낸 증류식소주로서 45도의 높은 도수에도 마신뒤 담백하고 은은한 향취에다 감칠맛이 입안 가득히 퍼져 매우 개운하다. 또 장기간 보관이 가능하며 오래 지날수록 풍미가 더욱 좋아지는 장점을 가진 한국을 대표하는 전통주이다.",알코올도수가 높고 부드러운 곡향이 올라온다. 술을 입에 넣으면 알코올이 입 안 전체를 채우고 혀를 오그라들게 할 정도로 자극을 준다. 술을 마시고 난 후에 쓴맛이 오랜 여운을 갖게 한다. 안동갈비와 잘 어울린다.
증류주,배도가 로아 40도 옐로우,40%,"국내산 쌀, 국내산 배","전통주 명가 배혜정도가에서 출시한 ""배도가 로아 40도 옐로우""는 국내산 쌀과 배를 원료로 사용하여 빚은 술을 상압동 증류기를 통해 증류하여 장기간 숙성한 제품이다. ""흰 빌깔의 이슬""이라는 뜻을 담은 프리미엄 증류주로써 로아를 만드는 한방울 한방울의 시간은 한국적인 정성스러움을 로아의 맑고 투명함은 비움과 여유 그리고 풍류를 의미한다. 배를 사용하여 고도주의 풍미를 부드럽게 감싸주고 은은하며 그윽하게 퍼지는 배향을 느낄 수 있는 제품이다.",곡물과 과실향이 알코올과 함께 동시에 올라온다. 알코올 도수가 높지만 술을 입에 넣으면 부드럽게 퍼지고 입술과 혀를 자극시키지 않아 숙성이 잘 된 술이라는 것을 알 수 있다. 첫 맛은 은은하고 중간에 강하고 그 후에 부드럽게 마무리 된다. 갈치젓 등 젓갈류와 잘 어울린다.
증류주,명인 안동소주 양반탈,45%,"국내산 쌀, 누룩, 정제수",700여년전 중국 원나라의 병참기지가 안동에 세워지면서 현재 한국 전통 증류식소주의 대명사 안동소주의 제조기법이 전해졌다. 이후 500여년 전 조선시대 안동의 명문가인 은곡 박진 선생의 반남 박씨 가문에서 가양주로 빚어오던 안동소주의 제조비법을 25대손인 박재서 명인이 계승발전 시켜 현재에 이르고 있다. 높은 알코올 도수에 비해 부드러운 맛을 자랑하고 있는 명인 안동소주는 역사와 전통성을 계승한 오리지널 안동소주로 자리매김하고 있다.,알코올도수가 높지만 신선한 향이 올라온다. 술을 입에 넣으면 크림과 같은 부드러움이 입 안 전체를 채워주고 알코올이 혀를 자극시킨다. 목넘김이 좋고 술을 마시고 난 후에 여운이 짧다. 간고등어 구이와 잘 어울린다.
증류주,명인 안동소주 호리병,45%,"국내산 쌀, 누룩, 정제수",700여년전 중국 원나라의 병참기지가 안동에 세워지면서 현재 한국 전통 증류식소주의 대명사 안동소주의 제조기법이 전해졌다. 이후 500여년 전 조선시대 안동의 명문가인 은곡 박진 선생의 반남 박씨 가문에서 가양주로 빚어오던 안동소주의 제조비법을 25대손인 박재서 명인이 계승발전 시켜 현재에 이르고 있다. 높은 알코올 도수에 비해 부드러운 맛을 자랑하고 있는 명인 안동소주는 역사와 전통성을 계승한 오리지널 안동소주로 자리매김하고 있다.,알코올도수가 높지만 신선한 향이 올라온다. 술을 입에 넣으면 크림과 같은 부드러움이 입 안 전체를 채워주고 알코올이 혀를 자극시킨다. 목넘김이 좋고 술을 마시고 난 후에 여운이 짧다. 간고등어 구이와 잘 어울린다.
증류주,메밀로,45%,"국내산 쌀, 메밀, 누룩, 정제수","""메밀로""는 강원도 홍천쌀과 메밀, 누룩만으로 빚어 증류한 알코올도수 45도의 증류주이다. 높은 알코올 도수답게 입안에서 강하고 묵직함이 오래 남는다. 구수한 메밀향이 조화되어 전체적인 밸런스가 매우 좋은 술이다. 프랑스 와인이 자랑하는 떼루아는 천(天), 지(地), 인(人) 즉 좋은 자연환경을 말한다. 강원도 홍천 삼선대의 좋은 기운과 울창한 숲으로 둘러싸인 천혜의 자연환경, 그리고 두루양조장에서 고문헌의 제조 기법이 합쳐져 빚어진 술이 ""메밀로""이다.",국내산 메밀을 원료로 만든 이색적인 술이다. 알코올이 45%로 높고 입안에 술을 머금고 있으면 휘발하면 매우 다채로운 향과 맛을 전해 준다. 목넘김 이후에도 입안에 묵직하고 힘 있게 잔향이 오래도록 남는다. 숙성을 좀 더 한다면 메밀 향과의 조화가 기대되는 술이다. 시원한 복지리탕이 생각난다.
증류주,막시모 40,40%,"국내산 오미자 증류원액, 국내산 오미자 원액, 정제수","막시모40은 경북 예천의 친환경 오미자를 원료로 국세청으로부터 이전 받은 특허공법과 농업회사법인(주)착한농부의 주류 생산 역량이 결합하여 탄생한 프리미엄 오미자 증류주이다. 맑고 투명한 주황 빛깔에 오미자 특유의 오묘하고 상큼한 향, 그리고 오미자의 다섯 가지 맛을 느낄 수 있는 제품이다. 다수의 주류품평회에서 수상하여 맛과 품질을 인정 받았다.",옅은 담황색의 증류주로 달콤한 사탕과 박하 향기가 코를 자극시킨다. 도수가 높지만 적절한 단맛이 증류주를 부드럽게 만들어주고 입 안에 꽉 차는 시원한 느낌이 매우 좋다. 술을 마시고 난 후에 느껴지는 맛있는 쓴맛은 음식과의 조화를 잘 만들어 준다. 양념 불고기와 잘 어울린다.
증류주,마주 소곡화주,41%,"국내산 찹쌀, 국내산 백미, 모싯잎, 우리밀 누룩, 정제수, 효모","""마주 소곡화주""는 국내산 찹쌀과 누룩을 주원료로 빚은 소곡주를 동(銅) 증류기를 이용하여 상압식으로 정성스럽게 증류하여 숙성시킨 증류주다. 높은 도수에 비하여 부드럽고 깔끔한 목 넘김이 일품이며 은은한 누룩향이 매력 있다. 직접 재배한 찹쌀과 모싯잎 등 재료와 우리밀 누룩을 사용하여 빚어낸 술이다.","증류주답게 무색투명한 색을 그대로 가지고 있다. 조용할 듯 한 이 술의 매력은 향부터 시작하는데, 잘 익은 누룽지향을 그대로 내뿜는다는 것. 그리고 이 향이 마시고 난 후에도 입속에 계속 남는다. 첫맛은 식혜와 같은 담백한 단맛으로 시작하며, 살짝 새콤함도 스쳐가지만, 이내 짙은 증류식 소주의 묵직한 향이 아래부터 올라온다. 증류식 소주 초심자에게는 다소 어려울 수 있으나 적응되면 더욱 매력적으로 다가오는 맛이다. 서천에서 만들어지는 술인 만큼 서천의 명물인 아귀찜 등이 잘 어울리며, 얼음이나 차가운 탄산수를 넣어 즐기는 것도 추천해 본다."
증류주,두리향,43%,"국내산 찹쌀, 누룩, 정제수","""두리향""은 ""석탄주""를 전통방식으로 증류한 술이다. ""석탄주""는 애석할 석(惜)자 삼킬 탄(呑)으로서 옛 고서에서 술의 맛과 향이 우수하여 감히 삼키기가 아깝다라고 전해오고 있다. 임원십육지를 비롯해서 양주방, 음식방문, 조선무쌍신식요리제법 등 여러 고문에서 ""석탄향""에 대한 기록을 찾을 수 있는 것으로 보아 당시에는 상당히 대중적인 술이었음을 알 수 있다. ""석탄주""를 증류하여 전통 옹기에서 오랜 기간 숙성하여 깊은 맛과 풍부한 향이 특징이다.","전형적인 증류식 소주의 투명색. 구수한 누룽지 향이 느껴지는 좋은 곡물의 향이다. 알코올 도수가 높아 거부감이 있을 수 있지만, 끝에서 느껴지는 기분 좋은 단맛이 있으며, 목 넘김 역시 매끈하며 부드러운 좋은 맛이다. 알코올 도수가 43%나 되는 만큼, 얼음이나 소다와 같이 즐겨도 좋을 듯하며, 육전 및 갈비찜 등 진한 요리와도 잘 어울리는 맛이다."
증류주,독산 53,53%,"국내산 쌀, 누룩, 효모, 정제수","독산 53은 오산에서 재배한 세마쌀을 주원료로 누룩과 물 이외에는 인공감미료를 넣지 않고 빚어 상압증류한 전통 소주이다. 증류한 소주 원액은 유약을 바르지 않는 전통 옹기에서 100일 이상 숙성한다. 알코올 도수 53도의 고도주로 입 안에서 기화하며 퍼지는 풍미가 일품이다. 곡물, 허브, 스파이스의 향이 조화로운 소주로 온더락으로 즐기기에도 좋은 쌀소주이다.",곡물로 빚은 술을 증류한 전통 증류주로 진한 소주의 맛을 원한다면 독산53을 마셔봐야 한다. 향은 강하지 않지만 입 안에서의 느낌이 매우 강하다. 술을 마시고 난 후에 아주 긴 여운이 남는 술이다. 여성보다는 소주를 좋아하는 남성분들에게 추천하고 싶은 술이다. 차게해서 마시는 것이 좋다. 양념 돼지 갈비와 잘 어울린다.
증류주,담양 죽력고,25%,"정제수, 국내산 쌀, 누룩, 죽력, 계피, 석창포, 생강, 효모","명렬한 기세로 땅을 뚫고 하늘로 치솟는 대나무의 성질을 전통방법으로 담아내어 만든 것이 죽력, 즉 대나무의 수액이다. 죽력은 알칼리성의 건강식품으로 오래전부터 가정상비약으로 요긴하게 쓰인 민간약재이다. 죽력을 이용해 술을 빚은 것이 육당 최남선이 조선3대 명주로 꼽았던 죽력고이다. 죽력이 첨가되면 은은한 단맛과 대나무향이 어우러져 술의 풍미가 깊어진다.","죽력을 이용한 증류주로 식물을 찐 향과 계피향이 묵직하게 올라온다. 입 안에서는 둥글둥글하게 자극적이지 않고 목넘김 또한 부드럽다. 술을 마시고 난 후, 입 안에 느껴지는 죽력과 석창포의 느낌이 그대로 전해지는 듯 하다. 10~15도 사이에서 마시는 것이 좋다. 약재를 넣어 푹 익힌 오리백숙과 잘 어울린다."
증류주,느낌 30,30%,"국내산 백미, 누룩, 효모, 정제수",느낌 30은 전통적인 안동소주 제조방식으로 술을 빚은 후 저도주를 선호하는 소비자의 입맛에 맞춰 기존 알코올 40도가 넘는 고도주에서 30도로 다소 낮추어 부담없이 마실 수 있는 제품으로 출시하였다. 지하 158m 천연 암반수를 사용하여 술을 빚고 전통적인 안동소주 양조법에 술 맛을 부드럽게 하는 감압증류방식으로 제조하여 안동소주를 현대적으로 재해석한 제품이다.,안동소주 느낌은 전통 증류식소주에서 느낄 수 있는 불맛과 곡물의 향을 잘 살린 증류주다. 강하지는 않지만 옅은 단맛과 뒤에 올라오는 약간의 쓴맛이 매력적이다. 안동소주 느낌 30%도 아주 차게 마시기 보다는 실온에 두고 증류향을 느끼면서 마시길 바란다. 도수가 너무 높다고 느끼면 온더락으로 즐기는 것 또한 방법이다. 석쇠 불고기와 잘 어울린다.
증류주,느낌 19.8,19.8%,"국내산 백미, 누룩, 효모, 정제수",느낌 19.8은 전통적인 안동소주 제조방식으로 술을 빚은 후 저도주를 선호하는 소비자의 입맛에 맞춰 기존 알코올 40도가 넘는 고도주에서 19.8도로 낮추어 가볍게 마실 수 있는 제품으로 출시하였다. 지하 158m 천연 암반수를 사용하여 술을 빚고 전통적인 안동소주 양조법에 술 맛을 부드럽게 하는 감압증류방식으로 제조하여 안동소주를 현대적으로 재해석한 제품이다.,"증류주는 기본적으로 도수가 낮으면 밍밍하고 물 맛이 많이 나는 것이 단점인데, 안동소주 느낌 19.8%는 일반 증류식소주에 비해 알코올도수가 낮은데도 불구하고 전통소주에서 느껴지는 곡향이 입 안을 가득 채워주는 것이 가장 큰 특징이다. 아주 차게 마시기보다는 실온에 좀 두고 곡향이 올라올 때 시음하는 것을 권장한다. 양념이 된 고기류와 잘 어울린다."
증류주,귀감,25%,"제주산 감귤과즙, 백설탕, 액상효모, 스테비올배당체, 무수아황산","""귀감""은 제주산 감귤을 착즙하여 만든 후 증류한 제주 감귤 소주이다. 귀한 감귤을 줄여 ""귀감""이란 브랜드명을 지었다. 저온발효와 저온증류법으로 제조하고 참나무통에서 1년 이상 숙성시킨 원액을 브랜딩하여 숙성미와 감칠맛이 매력적이다. 제주감귤연구소에서 자체 개발한 특허 효모를 사용하여 감귤 향이 풍부하다. 제조사 시트러스는 제주에서도 이름난 귤 산지인 신례리 141개 감귤 농가가 모여 만든 회사다. 남는 귤을 가공해 부가가치를 높이려고 정부 지원을 받아 회사를 세우고 제주를 대표하는 술을 빚고 있다.","은은한 감귤 향이 매력적인 과실 증류주다. 알코올 맛보다는 입 속에서 느껴지는 가벼운 시트러스한 향이 좋다. 단맛도 뭉근히 돌며, 매끄러운 끝 맛을 자랑한다. 다만, 증류주 초보자 등은 바로 마시기보다는 온더록스 및 탄산수 등으로 즐기는 것이 좋다."
증류주,고구마 아락,40%,"정제수, 고구마, 보리",맑고 투명하며 알코올향과 함께 고구마소주의 달콤한 향기가 올라온다. 입 전체에 고구마 증류 특유의 맛이 퍼지는데 자극적이 않아 숙성이 잘 된 술 같다. 술을 마시고 난 후에 은은한 단맛이 혀에 남아 여운이 길게 느껴진다. 견과류와 잘 어울린다.,
증류주,겨울소주 25,25%,"국내산 쌀, 증류원액, 효모, 효소, 정제수",겨울소주 25는 곡물 본연의 맛을 살리기 위해 인공첨가물 없이 빚어 인위적인 맛을 더하지 않은 자연주의 증류식소주이다. 알코올도수 25도의 비교적 가볍게 마실 수 있는 증류식소주로 곡물 향이 강하고 입안에서는 부드럽다. 100일을 숙성한 발효원주의 깊은 향을 간직하고 있는 쌀소주이다.,"일반적인 증류주에 비해 도수가 낮지만 곡물향과 찐 식물향이 강하게 올라온다. 입 안에서의 곡물의 향미가 강하고 입의 자극이 매우 부드럽다. 자신의 취향에따라 온도를 달리해 마시기 좋은 술이다. 곡향이 좋으면 실온에서 마시고, 싫다면 얼음을 넣어 마시면 좋다. 양념이 되어 있는 돼지볶음 등과 잘 어울린다."
증류주,감이슬,23%,국내산 감,"감이슬""은 충청남도 논산에서 재배한 감을 활용해 만든 증류주이다. 늦가을 수확한 홍시를 와인으로 개발하기 위해 홍국균을 이용한 전문적인 발효 기술을 개발하고 고유의 풍미를 내기 위해 10여년을 연구하여 만들어낸 제품이다. 떫은 감을 홍국 균주로 당화 시켜 효모발효를 통해 얻어진 추시와인(감와인)을 1년간 저장고에서 숙성시켜 동증류기로 수차례 증류하고 자작나무숯 여과를 거쳐 얻어진 증류주이다.",양촌감영농조합법인에는 두 종류 감 증류주가 있다. 하나는 16% 감이슬 그리고 다른 하나는 PERSIMMON VODKA 32%이다. 감이슬은 맑고 투명한데 반해 PERSIMMON VODKA 는 아주 옅은 황금빛 미색을 가지고 있어 차이가 난다. 감이슬은 도수가 낮고 부드러워 누구나 편하게 마실 수 있는 증류주로 양념이 되지 않은 생선찜 등과 잘 어울린다.
증류주,감아락 25,25%,"국내산 쌀, 감증류원액","대봉감 천연의 달콤함을 최대한 끌어올려 색다른 맛의 감동을 선사하고 있는 배상면주가의 제품이다. 2015년 대한민국 우리술품평회 일반증류주 부문 우수상을 수상하며 맛과 품질을 인정 받았다. 아락은 아랍의 ‘아라그’, 몽골의 ‘아라케’, 만주의 ‘알키’와 같이 증류주를 부르는 세계의 공통어라고 할 수 있다. 우리나라 고려시대 평양, 안동, 제주도에서 ‘아락’이라 불려진 것이 시초이다. 느린마을 감아락 25도는 리페놀이 풍부한 대봉감을 증류해 감 특유의 향긋한 향과 달콤한 첫 맛이 특징이며, 쌀 베이스에 대봉감 천연의 달콤함을 최대한 끌어올려 색다른 맛을 자랑한다. 감의 풍부한 탄닌감을 입안 한 가득 느낄 수 있다.",맑고 투명하며 알코올향과 함께 농익은 과실향이 은은하게 올라온다. 입에 넣으면 아주 약한 단맛이 전체 술을 부드럽게 만들어주고 박하와 같이 시원한 맛이 혀에 자리를 잡아 술을 부드럽게 만들어 준다. 아주 편하게 즐길 수 있는 술이다. 견과류와 잘 어울린다.
증류주,모월 인,41%,"국내산 쌀, 정제수, 밀누룩","모월 인은 전통 방식으로 만드는 증류식 소주이다. 오직 쌀과 정제수, 그리고 누룩으로만 빚어 마실때나 마신 후 머리가 맑아지는 듯 한 느낌의 깔끔함이 특징이고 부드러운 목 넘김 후 강하게 올라오는 깊은 과일향은 전통방식의 무게를 그대로 담고 있다",
증류주,수성 프리미엄 백주43,43%,"수수, 정제수","붉은 수수 증류 원액만을 여러차례 정제해 담근 술로, 알곡 수수를 엄선하여 고체발효공법으로 발효시켰다. 주정이나 포도당을 사용하지 않아 순도가 높은 증류곡주로 그윽하고 은은한 곡향이 특징이다. 자극적이지 않고부드러운 목 넘김을 가졌으며 몸 안을 따뜻하게 데워준다.","탕수육, 동파육"
증류주,도원결의,15%,"정제수, 쌀, 복숭아, 조효소제, 효모, 젖산, 정제효소제, 효소처리스테비아, 구연산, 복숭아향",천연 발효기법으로 복숭아를 첨가하여 빚은 증류주이다. 자연스러운 백도 복숭아의 맛과 향이 은은하게 느껴지며 목 넘김이 부드럽다. 토닉워터와 얼음을 넣어 함께하면 깔끔하게 즐길 수 있다.,"깐풍기, 갈비"
증류주,이상헌 소주,52%,증류소주원액,"이상헌 탁주 19%, 약주 18%를 상압증류 방식으로 증류했다. 3년이상 숙성해 부드러움이 느껴지며 깔끔한 맛 뒤에 은은한 민트향과 씁쓸한 맛이 난다. 황국이 주종을 이룬 누룩만을 엄선하여 백여일간 발효하고, 증류시 나오는 초류와 후류는 사용하지 않는다.",육포
증류주,백제한산군주,25%,"찹쌀, 물, 멥쌀, 주정, 효모, 홍고추, 구절초, 과당, 소금, 스테비아","서천 우렁이쌀로 빚은 한산소곡주를 증류한 증류주로 은은한 국화향이 나서 국화향 소주로 불린다. 단맛과 감칠맛이 강하게 느껴지며, 높은 도수에 비해 부드러운 목넘김을 가졌다.","양갈비, 닭갈비"
증류주,대장부23,23%,"정제수, 쌀, 효모, 종국, 보리","국산 쌀을 3번 도정해 18일간 저온 장기 발효 후 증류했다. 3년 숙성한 오크 증류주를 블렌딩해 은은한 향이 나며, 묵직한 바디감과 부드러운 목넘김을 가졌다.","편육, 곱창전골"
증류주,느린마을소주21,21%,"쌀, 정제수, 입국, 조효소제, 건조효모","일체의 인공감미료 없이 국내산 쌀, 물, 누룩으로만 빚는 느린마을막걸리로 증류한 순수 증류식 소주이다. 희석식 소주의 화학적인 알코올 향이 아닌 쌀의 깊은 풍미와 부드러운 목넘김이 인상적이다.","생선이 들어간 맑은 국물요리, 생선회와 페이링하기 좋다."
증류주,예천주복 만월40,40%,"복분자증류원액, 복분자과즙, 정제수",예천의 친환경 복분자를 원료로 만든 복분자 증류주로 가벼운 목 넘김과 복분자의 향미가 느껴진다. 미세한 단맛과 쌉쌀한 잔향이 오래 남으며 부드럽게 입에 감긴다.,"장어구이, 보쌈"
증류주,진맥 소주,40%,통밀 소주원액,"진맥은 밀을 뜻하는 한자어로, 안동 맹개마을에서 재배한 유기농 통밀을 상압 증류해 만든 전통 수제 방식 소주이다. 부드러운 맛과 향이 느껴지며, 밀 소주의 고소함과 감칠맛이 있다.","오리고기, 곱창"
증류주,부자진 배치#0001,44%,"캐모마일, 라벤더, 레몬 베버나, 노간주나무 열매, 한라봉, 헛개나무, 솔잎,쑥",유기농 허브 농장에서 가꾼 12가지가 넘는 허브와 지역 농민이 생산한 농산물을 주원료를 사용해 만든 진이다. 상큼한 감귤계 단맛과 박하와 같은 민트가 주는 화한 맛이 느껴진다. 부드러운 목 넘김과 풍부한 맛과 향을 가지고 있다.,양념하지 않은 육류와 같이 무거운 음식
증류주,토끼 소주,23%,"정제수, 찹쌀, 누룩, 효모, 효소제\","인공 감미료를 넣지 않고 쌀을 발효하는 조선시대 전통 방식을 사용하며, 100% 찹쌀과 9일동안 발효시킨 누룩을 사용한다. 매운향과 후추향이 느껴지며 흙향도 약하게 느껴진다. 곡류의 약한 단맛과 씁쓸한 맛이 있다.","LA갈비, 소불고기, 매운탕, 쭈꾸미 볶음"
증류주,제주낭만,40%,"쌀, 백도라지",쌀 100%를 사용하여 감압증류한 증류식 소주에 백도라지를 넣어 만든 술이다. 백도라지 향이 은은하게 퍼져 목넘김이 부드럽고 감칠맛을 느낄 수 있다. 40도의 고도수 술이여서 얼음을 넣고 온더락 스타일로 마실 수 있다.,"삼계탕, 오리주물럭 등 고기 안주"
증류주,키위술,40%,"그린키위, 골드키위",제주산 그린키위와 골드키위로 빚은 증류주이다. 유럽식 가향 증류주 슈냅스(Schnapps) 제조방식을 사용하여 원재료인 키위의 향을 그대로 느낄 수 있고 고도수 술임에도 오랜 숙성 기간으로 끝맛이 상큼해 부담없이 마시기 좋은 술이다.,회를 비롯한 해산물 음식
증류주,커피와인 톡시,11%,커피생두 발효액,그린빈(커피생두)을 발효시켜 만든 커피와인이다. 제주 화산송이로 숙성하여 목넘김이 부드럽고 커피의 향과 와인맛을 동시에 느낄 수 있다.,"크래커, 치즈, 다크초콜렛"
증류주,메밀이슬,40%,"메밀(제주산), 입국(국내산), 효모, 정제수",메밀 발효주를 증류시켜 만든 소주이다. 한 모금 마시자마자 메밀 특유의 쌉싸름한 향과 맛을 그대로 느낄 수 있다. 도수가 높으나 가볍고 부드럽게 마실 수 있고 마신 후 입안 가득 풍부한 여운을 남긴다.,"소고기 샤브샤브, 돼지 수육 등 육류 요리"
증류주,커피냑,40%,"커피생두, 백설탕, 효모, 정제수, 클로로겐산","커피 와인을 증류하여 만든 최초의 커피 브랜디. 쌉쌀하면서도 새큼한 산미와 은은한 커피 향이 일품이며, 끝 맛은 달달하여 술 한 모금에 다채로운 맛을 즐길 수 있다.","고등어구이, 흰살생선, 제육볶음 등 다양한 안주와 어울린다."
증류주,풍정사계 동(冬),"25%  
							 
								 42%","찹쌀, 향온곡","동은 설기로 밑술한 법주를 증류 후 1년 이상 장기 숙성한 증류식 소주로 상압증류의 전형적인 불향이 느껴지며 42도라는 높은 도수에 비해 매우 부드럽고 목넘김이 편합니다. 취향에 맞게 25%, 45% 도수를 선택할 수 있으며 본연의 맛 그대로 증류식 소주의 강렬함을 즐기거나 칵테일로 즐기기 좋은 술입니다.","도미찜, 고기요리"
증류주,해방주,18.8%,해방풍연한잎(국내산),"영덕군 지역 특산물인 바닷가의 방풍나물과 국내산 쌀로 저온 숙성 발효시킨 전통 발효주로 부드럽고 목넘김이 좋습니다. 자연 그대로의 신선한 향을 음미할 수 있으며, 순하고 상큼한 맛을 즐길 수 있습니다.",생선회 또는 고기종류
증류주,혼,22%,문경사과(국내산),"원재료 본연의 풍미를 유지하기 위해 1,2차에 걸친 숙성과정을 거칩니다. 증류 후 1차 숙성을 거친 뒤 원하는 도수를 맞추기 위해 물을 타는 것이 아니라 희석시켜 2차로 숙성 과정을 한 번 더 거치면 미리 탄 물이 오랜 숙성 과정에서 알코올과 화학적 결합을 한다. 이런 제조 방식을 거쳐 깔끔하고 부드러운 목넘김이 느껴지며 술을 삼킨 후에도 여운이 남는 깊은 풍미를 자랑한다.",한우 육회
증류주,소여강,42%,"쌀(경기미), 누룩(국내산), 물(정제수)",추연당의 전통 오양주 방식으로 재현한 청주 순향주를 정성스럽게 담아 동 증류기에서 상압으로 증류한 품격 있는 전통 소주입니다. 추연당의 전통 소주는 모든 과정을 손으로 빚고 있으며 경기도 여주쌀과 우리나라 토종밀인 앉은뱅이 밀로 만든 누룩을 가지고 옥으로 된 암반에서 흐르는 지하수로 빚은 고품격 프리미엄 전통 소주로 경기도의 추천을 받은 지역 전통 소주입니다.,"얼큰한 국물류, 곱창전골, 담백한 샤브샤브"
증류주,명랑 스컬,17%,"매실증류주원액, 벌꿀, 포도당, 노간주나무열매, 정제수","""더한주류""에서 2018년 새롭게 출시한 서울의 밤과 옥토끼프로젝트의 협업 제품이다. 기존보다 낮은 알코올 도수로 17%이다. 국내의 다른 매실주는 5~6월경 수확되는 청매를 이용하는 반면, 매실원주는 보다 완숙한 상태에서 7월경 수확되는 황매를 이용한다. 황매는 청매에 비해 향미가 뛰어나지만 고가인 단점이 있으나 최상의 원료로 최상의 제품을 만든다는 제품 철학으로 황매를 이용한다. ""서울의 밤""은 스트레이트로 맛을 느끼고, 언더락을 풍부한 향을 느끼고, 칵테일로 완벽한 조화를 경험할 수 있는 새로운 차원의 매실 증류주이다. 노간주나무열매가 들어간 진(GIN)의 느낌에 달콤한 향이 섞여 올라오는 것이 특징이다. 약간의 단맛이 술의 풍미를 좋게 만들고 입 안의 자극을 줄여준다.",노간주나무열매가 들어간 진(GIN)의 느낌에 달콤한 향이 섞여 올라오는 것이 특징이다. 약간의 단맛이 술의 풍미를 좋게 만들고 입 안의 자극을 줄여준다. 입 안의 알코올 풍미가 가득하고 마시고 난 후에는 여운이 길게 남는다. 삼겹살과 아주 잘 어울린다.
증류주,로아40 레드,40%,사과소주원액,로아를 만드는 한방울 한방울의 시간은 한국적인 정성스러움을 로아의 맑고 투명함은 비움과 여유 그리고 풍류를 의미합니다. 사과를 사용하여 고도주의 풍미를 부드럽게 감싸주고 은은하며 그윽하게 퍼지는 사과향을 느낄 수 있습니다.,
증류주,복분자아락40,40%,"복분자증류원액(국내산), 정제수","국내 최대 복분자 산지 전북 고창의 복분자로만 빚은 증류주로 맛의 원숙함이 일품이다. 선운산을 중심으로 자라는 고창 복분자는 서해안의 해풍을 맞으며 자라 당도, 유효성분, 다양한 기능성이 뛰어나 고품질의 복분자술을 생산할 수 있는 최적의 여건을 갖추고 있다.",맑고 투명하며 알코올향과 함께 복분자 향기와 달콤한 향기가 올라온다. 입 전체에 복분자 증류 특유의 맛이 퍼지는데 자극적이 않아 숙성이 잘 된 술 같다. 술을 마시고 난 후에 은은한 단맛이 혀에 남아 여운이 길게 느껴진다. 견과류와 잘 어울린다.
증류주,오디아락40,40%,오디증류주원액,오디아락은 고창산 오디를 저온 숙성하여 은은한 오디향과 오디 천연의 감미를 최대한 끌어올린 제품이다. 새콤달콤한 오디의 향과 맛이 입안을 감싸며 은은하게 퍼져 부드럽게 즐길 수 있다.,
증류주,신례명주,50%,"제주산감귤, 감귤 증류주","혼디주와 동일한 원료, 효모를 사용해 제조한 발효원액을 맑은 상등액만 분리하여 낮은 온도에서 증류시킨 증류주이며 첨가물을 넣지 않고 빚었다. 감귤 고유의 향을 보존하여 참나무통에서 1년 이상 숙성시켜 브랜디 특유의 부드러움을 느낄 수 있다.","생선회, 구이 등 해산물류와 수육, 보쌈 등 육류와 잘 어울린다."
증류주,삼해소주,45%,"멥쌀, 찹쌀, 누룩","삼해주의 주 재료는 맵쌀과 찹쌀, 누룩, 물이고, 맑은 약주를 만든 뒤 숙성시켜서 증류하면, 약주 투입 양의 30% 정도만 얻을 수 있는 고급 소주가 되는데, 이것이 바로 삼해소주다. 삼해소주는 장기 저온 발효, 숙성 과정을 통한 약주로 증류하기 때문에 풍미가 부드럽고, 뒷맛의 여운이 길며 첨가물이 일체 들어가지 않아서 숙취가 없는 것이 특징이다.",
증류주,원매,20%,"매실원주액, 매실청, 꿀, 카라멜, 효소처리스테비아, 정제수","더한주류에서 황매실 100%로 담근 프리미엄 매실주 ‘원매’ 20도를 라벨 리뉴얼하며 새롭게 출시했습니다. 원매는 황매실 100%로 3년 이상 숙성 시킨 프리미엄 매실주로 완숙한 상태에서 수확되는 황매실을 특허받은 제조 기술로 담가 매실 본연의 향미를 더했습니다. 샌프란시스코 주류품평회(SWSC) 2년 연속 은상 수상, 영국 주류품평회(IWSC) 은상 수상(2014) 및 우리술 품평회 리큐르부문 대상(2016) 을 수상하는 등 그 품질을 인정받았습니다.","황매실을 이용해 맑은 호박색을 가지고 있으며, 매실의 신선한 향이 가득한 것이 특징이다. 도수가 낮아 누구라도 편하게 즐길 수 있으며 처음 단맛이 올라오지만 뒤에 따라오는 신맛과 적절한 쓴맛의 조화가 잘 갖춰진 술이다. 입 안의 느낌이 매우 따뜻하고 마시고 난 후에는 여운이 길다. 숙주 소고기 볶음 등 약간의 양념이 된 깔끔한 음식과 잘 어울린다."
증류주,느린마을 증류주,16.9%,쌀(국내산),‘느린마을 증류주’는 전북 고창에서 재배한 쌀로 빚은 소주 원액을 최적으로 블랜딩한 제품이다. 알코올 도수 16.9도로 순한 목 넘김과 은은한 향이 청주의 깨끗함을 닮았다. 투명한 병과 순수한 디자인을 적용해 깨끗한 맛을 특징으로 하는 제품의 컨셉을 살렸다. 용량은 360ml로 일반 희석식 소주와 동일하다.,수육 그리고 회나 해산물과 곁들이면 부드러운 향을 함께 느낄 수 있다.
증류주,명품홍주,38%,"쌀, 지초","고두밥을 지어 덧술을 만들고, 발효가 끝난 덧술을 가마솥에 부어 예열해, 가마솥 위에 소줏고리를 올려 증류된 소주를 내린다. 마지막으로 지초뿌리에 소주를 통과시키면 붉은 빛깔을 자랑하는 홍주가 탄생된다. 술의 색상이 지초에서 용출되어 CD00000233이 아름답게 착색되어 시각적인 매력을 느끼게하고 동시에 술맛과 향이 전통증류주의 독특한 향기를 지니고 있다. 지초 추출액은 예로부터 상처, 화상치료 등 연고제로 활용되고 항균작용이 우수하여 염료로 사용되기도 하였다. 한방 약리작용 분석에 의하면 알콜해독작용(간장), 위장관에 정장작업, 설사, 변비, 복통, 체중조절, 식중독 등에 효험이 있으며 특히 고혈압, 신경통, 심장병 등에 좋다. 이 때문에 높은 알코올 도수에도 불구하고 숙취가 적은 술로 알려져 있다",알코올도수가 높지만 입 안에서는 매우 부드럽고 입술과 혀를 자극시키지 않는다. 목넘김이 깔끔하고 박하와 같은 느낌이 든다. 조개찜 등과 잘 어울린다.
증류주,대잎술,12%,"쌀, 누룩, 댓잎, 솔잎, 진피, 갈근, 오미자, 구기자, 죽력 등","대잎술에는 멥쌀과 찹쌀을 주 재료로 솔잎, 인삼, 대추, 구기자, 산약, 오미자, 당귀 등 10여 가지의 한약재가 들어가 대나무에서 100일 이상 숙성하여 술을 빚고 있다. 달짝지근한 맛과 함께 각종 한약재들이 조화롭게 맛을 내는 대통대잎술은 마치 약 같은 느낌을 주기에 충분하다. 다양한 약재가 들어가지만 법 상으로는 약주가 아닌 일반 증류주인 대통대잎술. 발효와 숙성으로만 만들면 약주가 되지만 증류를 하게 되면 증류식소주로 분류가 된다. 이 때문에 대통대잎술은 증류식 소주가 되는 것인데, 말의 어원으로만 바라보면 여러 약재가 들어가 약이 되는 약주(藥酒)가 맞기도 하다.",기분을 좋게 하는 옅은 꽃향이 올라오고 맑은 단맛과 산미 등 오미의 균형이 잘 갖춰져 있다. 바디감과 목넘김이 가볍다. 스테이크와 잘 어울린다.
증류주,려,25%,"쌀증류소주원액(여주산 쌀 100%), 정제수, 고구마증류소주원액(여주산 고구마 100%)","려(驪)증류소주 25도는 여주의 자연에서 잘 자란 최고급의 고구마와 쌀로 빚어 상압증류를 통한 고구마 소주의 향긋한 향과 감압증류한 쌀소주의 감칠맛을 최적의 황금비율로 혼합하여 기존 증류소주와는 다른 가치를 담았다. 자연이 만들어낸 특별한 재료 각각의 개성을 살리기 위해 고구마와 쌀을 각기 다른 방식으로 증류한다, 고구마는 그 향긋한 향이 잘 나타나도록 아로마성 물질이 증류되도록 상압 증류 과정을 거치며, 쌀은 특유의 부드러움과 감칠맛을 더욱 잘 나타낼 수 있는 감압증류 방식으로 증류한다. 증류된 술은 재료 본연의 개성을 드러낼 수 있도록 최적의 황금 비율로 블랜딩하고 옹기 속에서 숙성 과정을 거쳐 완성된다.",포도를 증류한 브랜디에서 나는 향긋한 향기가 물씬 올라와 기분을 좋게 만들어 준다. 술을 입에 넣으면 마치 맑은 청주를 마시는 느낌이다. 도수가 높지만 매우 부드럽고 술을 마시고 난 후에 자극적이지 않아 누구나 편하게 마실 수 있는 술이다. 양념이 과하지 않은 음식과 잘 어울린다.
증류주,이도 22,22%,쌀(국내산),이도는 친환경 유기농 우리쌀 100%에 농촌진흥청 특허 출원 된 우리땅 순수 토종 효모를 사용하여 빚은 지역 특산 증류식 전통 소주다. 세종대왕의 이름과 같은 &quot;이도&quot;는 20년간 전통주의 길을 고집한 경기도 장인의 정신으로 완성됐다. 2016년 우리술 품평회 대상을 받아 맛으로도 인정된 이도는 그 부드러운 맛과 깊은 풍미가 특징이다. 이도 22는 세종대왕 &quot;이도&quot;가 22세의 나이로 즉위함을 기려 빚은 술이다.,삼겹살 등 육류와 잘 어울린다.
증류주,천비향 화주,40%,"국내산 쌀, 누룩","&quot;천비향 화주&quot;는 오양주기법으로 제조한 약주를 증류한 제품이다 오랜 전통방식인 오양주 제조기법으로 만든다. 오양주라고 하면 &quot;술을 5회에 걸쳐 빚는다&quot;는 뜻으로, 또는 술 빚는 법에 따른 분류법을 가리키는 것으로 인식되어 왔다. 우리 술은 술 빚는 횟수에 따라 단양주, 이양주, 삼양주, 사양주, 오양주 등으로 구분하기 때문이다. 그 만큼 술을 빚는 이의 정성이 들어간 술이 오양주이다. &quot;천비향 화주&quot;는 천비향 약주를 4번 증류하고 1년 이상 숙성한 제품으로 25%, 40%, 53%로 알코올 도수를 나누어 출시된다. 천비향 오양주를 기반으로 증류한 제품이라 향미의 잠재력도 깊고 맛도 입체감 있다. 특히 탄 향이 없이 깔끔하게 내린 가운데서도 감칠맛과 깊이가 느껴지는 고급 증류주이다. &quot;천비향 화주&quot;는 상온에서 마실 때 제품의 풍미를 그대로 느낄 수 있는 증류주이다. 알코올도수 40%의 고도주이나 목 넘김이 좋고 입안에 향이 오래도록 남는다. 가볍게 마시려면 얼음을 넣어 온더락으로 마시거나 주스 또는 과일청에 섞어 칵테일로 마셔도 좋다.","상압방식의 증류식 소주로 익은 곡물과 훈연된 향이 짙게 올라오는 것이 특징이며, 알코올 도수에 비해 자극적이지 않고 입 안을 뜨겁게 만들어 술 이름 그대로이다. 오리 주물럭과 잘 어울린다."
증류주,한주,35%,"국내산 쌀, 밀누룩, 정제수","한주는 조선시대 선조들의 ‘로주두말빚이(露酒二斗方)’ 비법을 옥천의 물과 쌀로 재현한 전통 증류식 소주다. ‘로주’란 찹쌀과 멥쌀로 술을 빚은 후 이를 다시 땀을 내듯 증류시킨다는 뜻에서 유래된 말이다. 땀을 내듯 증류시킨다는 뜻으로 한주(汗酒), 이슬같이 받아낸다는 의미로 로주(露酒)라고도 불린다. 서울시 무형문화재 제2호 송절주의 기능보유자 故박아지 여사와 며느리 이성자 선생에 의해 계승 발전되어 왔다. 한번 맛을 보면 일반 소주보다 명렬한 기운에 금세 흥취가 오르지만 뒤끝이 없이 맑게 깨 다시 찾게 되는 매력이 장점이다. 1994년부터 본격적으로 시판되고 있다.","쌀 소주 특유의 감칠맛과 숙성된 부드러운 맛이 느껴지는 증류식 소주다. 얼음, 탄산 등을 넣어 칵테일로도 즐길 수 있으며, 진한 맛으로 인해 돼기고기류하고도 잘 어울린다."
증류주,왕율주,25%,"국내산 쌀, 밤, 누룩, 정제수","""왕율주""는 공주산 밤에 국내산 백미로 빚은 국내에서 최초로 생산된 밤 증류주이다. 공주밤을 넣은 소주 답게 밤의 맛이 진하게 베어 나온다. 술을 입에 머물고 있으면 마치 생 고구마를 입에 물고 있는듯 단맛이 천천히 우러나온다. 프리미엄 증류주 답게 알코올 도수는 높으나 부드러운 맛을 간직하고 있다. 왕율주는 알코올 도수 40% 제품(공주밤 31.5% 함유)과 25% 제품(공주밤 23.5% 함유)이 출시되고 있다.","혀로 느겨지는 부드럽고 깜끔한 맛, 밤향을 머금고 있는 독특한 향기가 있다. 입안에 머금고 있으면 은근한 단맛이 느껴지고 뒤에 따라오는 적절한 쓴맛이 조화를 이룬다. 고도주임데도 불구하고 의외로 목 넘김이 부드럽다. 구이를 한 고기류 음식에 잘 어울린다."
증류주,강주,50%,"국내산 쌀, 정제수","강소주는 알코올 도수 50%의 고도주로 스트레이트로 직접 마시기 보다는 칵테일과 담금용 전용술로 제조한 술이다. 강소주로 담근술은 알코올 살균, 방부작용으로 보존성이 높고 재료의 고유 성분을 잘 추출해주어 맛과 향이 잘 우러나게 한다. 혼탁함과 침전물이 적어 고급 담금술을 만들 때 좋다. 또한 강소주를 베이스로 한 다양한 부재료를 활용하여 칵테일로 제조하여 마시면 색다른 맛을 즐길 수 있다.","알코올 향이 매우 강하고 여기에 미세하게 달콤한 향이 따라 올라온다. 국내에서는 보기 드물게 보리로만 제조된 리큐르이며, 보리 특유의 크림과 같은 맛을 느낄 수 있다. 도수가 높지만 단맛이 강해 입 안의 느낌과 마시고 난 후가 매우 깔끔하다."
증류주,화주,25%,"국내산 쌀, 홍삼농축액, 정제수","""화주""는 한 모금 입에 머금으면 무겁지 않은 알싸한 맛이 퍼지며 은은한 홍삼향이 느껴진다. 국내산 쌀을 원료로 발효, 숙성, 증류한 후 최상급 6년근 홍삼 농축액으로 브랜딩하고 숙성과정을 거쳐 홍삼의 떫은 맛이 느껴지지 않고 은은하고 깨끗한 풍미가 입안에 남는 술이다.",옅은 호박색의 술로 6년근 홍삼이 들어갔지만 삼 특유의 향이 강하지 않고 산뜻한 향이 올라온다. 입 안에서 살짝 단맛과 쓴맛이 교차하고 도수가 높지 않아 부드럽고 목 넘김이 깔끔하다. 삼계탕과 잘 어울린다.
증류주,계룡산 산삼주 금수강산 21%,21%,"산양산삼, 정제수, 주정","계룡산 산삼주는 해발 400m 이상의 계룡산 줄기 무공해 청정지역에서 자란 10년 전후의 산양삼을 사용하여 한 해 5천병만 한정 생산하는 제품이다. 산양삼의 그윽한 향과 모방할 수 없는 독특한 맛이 어우러진 고급 산삼주이다. 2005년 국내 최초로 산삼주를 제조하기 시작하여 현재 미국, 유럽, 동남아 지역 등에 수출되고 있다. 배양근이나 농축액 제품과는 달리 산양삼 원액을 사용하고 산양삼 1뿌리가 통째로 들어가 있다.","증류주에 산양산삼이 침출되어 있어 보는 즐거움과 함께 마실 수 있는 것이 특징이다. 같은 술에 계룡산산양산삼주는 21%로 도수를 낮춰 대중적으로 만들었고, 금수강산은 알코올 도수 40%로 오래 두고 약으로 마실 수 있는 술이다. 향을 맡는 것 보다는 입 안에 술을 넣으면 삼의 향이 강하게 느껴지며 마시고 난 후에는 삼의 쓴 여운이 길게 남는다. 삼계탕과 잘 어울린다."
증류주,계룡산 산삼주 금수강산 40%,40%,"산양산삼, 정제수, 주정","계룡산 산삼주&quot;는 해발 400m 이상의 계룡산 줄기 무공해 청정지역에서 자란 10년 전후의 산양삼을 사용하여 한 해 5천병만 한정 생산하는 제품이다. 산양삼의 그윽한 향과 모방할 수 없는 독특한 맛이 어우러진 고급 산삼주이다. 2005년 국내 최초로 산삼주를 제조하기 시작하여 현재 미국, 유럽, 동남아 지역 등에 수출되고 있다. 배양근이나 농축액 제품과는 달리 산양삼 원액을 사용하고 산양삼 1뿌리가 통째로 들어가 있다.","증류주에 산양산삼이 침출되어 있어 보는 즐거움과 함께 마실 수 있는 것이 특징이다. 같은 술에 계룡산산양산삼주는 21%로 도수를 낮춰 대중적으로 만들었고, 금수강산은 알코올 도수 40%로 오래 두고 약으로 마실 수 있는 술이다. 향을 맡는 것 보다는 입 안에 술을 넣으면 삼의 향이 강하게 느껴지며 마시고 난 후에는 삼의 쓴 여운이 길게 남는다. 삼계탕과 잘 어울린다."
증류주,한비 오가피술,35%,"국내산 쌀, 누룩, 가시오가피 뿌리, 정제수","한비 오가피술""은 국내산 쌀을 발효하여 증류한 후 10년생 친환경 가시오가피 뿌리와 함께 숙성시킨 전통주이다 재료로 쓰이는 오가피는 국내에서 유일하게 농산물우수관리인증(GAP)을 받은 것으로 중국산 오가피에 비해 약효성분이 6배나 더 함유하고 있다고 한다. 인공첨가물을 넣지 않고 전통기법으로 제조하여 알코올 도수 35%의 고도주이나 부드럽게 마실 수 있다.","진한 호박색의 리큐르로 산뜻한 향이 올라오며, 약간의 단맛과 쓴맛이 오가피와 잘 어울린다. 도수에 비해 독하지 않고 목 넘김이 매우 부드러운 것이 특징이다. 탕수육 등 기름진 중국음식과 잘 어울린다."
증류주,한비 쌀소주,40%,"국내산 쌀, 누룩, 정제수","""한비쌀소주""는 국내산 쌀 100%와 누룩, 그리고 제천의 맑은 물 이외에 향과 맛을 내기 위한 어떠한 인공첨가물도 넣지않은 순수 전통소주이다. 알코올 도수 40%의 고도주이나 입안에서 전통소주의 향이 오래 남고 목 넘김이 부드러운 제품이다.","향이 강하지는 않지만 쌀을 발효시켜 증류했을 때의 고소함이 미세하게 올라오며, 아주 미세하게 산미가 느껴져 산뜻함을 가지고 있는 것이 특징이다. 입 안에 퍼지는 고소함이 매력적인 술이다. 백숙과 잘 어울린다."
증류주,문경바람 오크,40%,사과(문경),"한국 최초의 위스키 마스터블랜더 이종기 명인의 37년간 쌓아온 양조 기술로 탄생한 고급 증류주이다. 맛과 당도가 우수한 문경사과를 원료로 정통발효공법으로 제조한 사과와인을 증류하여 오크통에서 숙성하였다. 사과의 상큼한 맛과 오크통에서 추출된 초콜릿, 바닐라, 아몬드 향이 묘하게 밸런스를 맞춘 제품. 40도의 고도주임에도 불구하고 새콤한 신맛을 느낄 수 있으며, 전체적인 향과 맛의 균형미가 좋고 약간의 단맛이 술을 맛있게 한다. 하이볼, 칵테일 등을 통해 식중주로도 충분히 즐길 수 있는 증류주이다.","초콜릿, 육포, 문경의 오미자 삼겹살구이, 더덕구이, 송이버섯구이 및 전골 등 추천한다."
증류주,고운달 백자,52%,오미자(문경산),"""고운달 백자""는 한국 최초의 위스키 마스터블랜더 이종기 명인의 36년간 쌓아온 양조 기술을 집약한 최고급 증류주이다. 한국 전통 문경도자기에서 숙성하여 오미자 본연의 맛과 향이 그대로 살아 있는 맑고 투명한 제품이다.","코 속부터 시작되는 잔잔한 오미자향, 머금고 난 이후에 뱃속에서 올라오는 은은한 오미자의 맛. 향과 맛 모두 일품이다. 술맛을 방해하지 않는 가벼운 샐러드나 견과류, 육포 등이 좋다. 소량을 마시더라도 얼음이나 탄산 등은 추가하지 않고 본연의 맛을 즐기기를 추천해 본다."
증류주,고운달 오크,52%,오미자(문경산),"고운달은 오미자를 원료로 한국와인의 새로운 지평을 연 위스키 마스터 블랜더 이종기 장인에 의해 탄생한 프리미엄 증류주이다. 오미자 브랜디 고운달은 친환경 오미자로 3년을 발효 숙성한 오미자와인을 증류한 이후, 추가로 3년을 숙성한 제품이다.","잔잔한 초콜릿과 커피향, 그리고 마시고 난 다음에 느껴지는 기품 있는 오미자의 향. 부드럽게 넘어가는 목 넘김을 가지고 있다. 가벼운 안주류로 아몬드. 초콜릿, 올리브, 견과류, 육류로는 육포 등을 추천한다. 물론 과일 안주, 꿀물 등과 같이 마셔도 좋다. 알코올도수가 상당히 높지만 맛 자체를 즐기기 위해 소량을 마시더라도 온더록이나 탄산을 가미하지 않고 있는 그대로 즐기는 것이 본연의 맛을 그대로 즐길 수 있다."
증류주,세우리,45%,"산양삼, 하수오, 구기자, 쌀","세우리는 제주도 한라산에서 자란 산양산삼과 하수오, 그리고 구기자를 넣어 만든 알콜도수가 45%인 증류주이다. 구기자의 붉은 색, 하수오의 담백한 맛, 산양산삼의 향과 제주 천연 지하 암반수가 만나 황금 빛깔이 나는 술로 고도주임에도 목 넘김이 부드러우며 재료에서 우려져 나오는 고유한 맛이 일품이다.","유리병 안에 들어있는 산양산삼이 인상적이고 진한 호박색의 술로 인삼과 함께 여러 가지 약재의 향이 가득한 것이 특징이다. 도수가 높아 집에 두고 한 잔씩 약으로 마시기 좋은 술이며, 입 안의 풍미가 약재의 향으로 가득하고 목 넘김이 뜨겁다. 삼계탕 등 몸 보양을 위해 먹는 음식과 다 잘 어울린다."
증류주,The 찾을수록,14~16%,"사과와인, 정제수, 정제주정 외 제품별 농축액 (복숭아, 포도, 사과, 감귤, 생강, 커피향 등)","더찾을수록 시리즈는 한국애플리즈는 7년의 부단한 연구개발 끝에 2013년 사과와인을 베이스로한 사과소주 6종을 출시하였다. 복숭아, 청포도, 사과, 감귤, 생강, 아메리카노를 가미하여 탄생한 6종의 사과소주다. 패키지 디자인은 녹색 희석식 소주와 흡사하지만 제품은 증류주가 아닌 과실주로 분류된다. 미국 마켓의 경우 맥주와 와인 판매허가만 있는 경우 소주를 판매할 수 없는 점에 착안하여 디자인은 소주이나 제품은 사과와인으로 미국 내 많은 마켓에 입점하기 위한 전략에서 디자인된 제품이다.",식중주보다는 가벼운 식후주로 스낵 등과 즐기기 좋다.
증류주,추사40,40%,"사과증류원액, 정제수","농업회사법인 예산사과와인에서 직접 재배한 사과를 증류하여 프랑스의 칼바도스와 동일하게 오크통 숙성한 사과증류주이다. 2010년부터 연구 개발하여 7년 만에 출시한 제품이다. 가당하지 않고 사과를 발효, 상압 다단식 동증류기를 사용하여 두 번 증류하여 오크통에 숙성한 제품으로 사과의 은은한 풍미가 느껴지며 바닐라 향과 초콜릿 향이 나며 뒤끝이 깨끗한 술이다.","오크통에서 오랜 숙성으로 생긴 훈연 된 나무향과 달콤한 향이 코를 자극시키며, 알코올 도수에 비해 자극적이지 않고 입 안에서 부드럽게 퍼져나가는 것이 오랜 숙성의 여운이다. 술을 마시고 난 후에도 매우 깔끔하고 부드럽다. 생굴과 잘 어울린다."
증류주,징기스칸,40%,레드와인,레드와인을 감압식 증류하여 38도로 만든 브랜디입니다. 미국 캘리포니아산 오크통에서 5년간 숙성하여 브랜디 마니아의 입맛에 맞추었다. 진한 스모키향과 연갈색 색깔은 소비자의 입맛을 유혹한다,굴 요리와 잘 어울립니다.
증류주,로아40 옐로우,40%,"쌀(국산), 배(국산)","로아 40도 옐로우""는 국내산 쌀과 배를 원료로 사용하여 빚은 술을 상압동 증류기를 통해 증류하여 장기간 숙성한 제품입니다. ""흰 빌깔의 이슬""이라는 뜻을 담은 프리미엄 증류주로써 로아를 만드는 한방울 한방울의 시간은 한국적인 정성스러움을 로아의 맑고 투명함은 비움과 여유 그리고 풍류를 의미합니다. 배를 사용하여 고도주의 풍미를 부드럽게 감싸주고 은은하며 그윽하게 퍼지는 배향을 느낄 수 있습니다.",갈치젓 등 젓갈류
증류주,오매락,40%,"배를 증류한 원액, 정제수, 설탕, 매실, 오매(구운 매실)",국산 배증류원액과 구운매실(오매)로 빚어 향온 암실에서 숙성한 40도 고도주 오매락(烏梅樂)입니다. 입안 가득 퍼지는 매실의 맛과 향이 매력적인 술로 알콜도수가 부담스럽다면 온더락으로 즐길 수 있습니다.,"닭고기, 부침개"
증류주,예술주조 `무작`,53%,"정제수, 누룩, 쌀","무작53은 아무것도 더하거나 빼지 않은 술로서 강원도에서 생산한 쌀로 빚었습니다. 무작53은 주찬,김승지댁 주방문,등 여러 옛문헌에 실려있는 적선소주를 원류로 하였습니다. 무작53은 자연누룩으로 빚어 깊고 풍부한 맛과 5년의 옹기숙성으로 부드러운 목넘김을 자랑합니다.","따뜻한 국물류와 잘 어울린다. 소고기 전골, 맑은 대구탕 등을 추천한다."
증류주,제주술익는집 고소리술,40%,"잡곡, 누룩, 정제수","제주를 대표하는 &amp;quot;고소리술&amp;quot;은 &amp;quot;오메기술&amp;quot;이 등장하고 나서 수백 년의 세월이 지난 다음 고려시대 몽골인이 제주에 정착하면서 전래된 술입니다. 제주도와 마찬가지로 지금도 개성과 안동에 소주가 유명한 것은 고려시대 몽고군이 그 지역에 주둔했던 결과입니다. 몽고군은 일본 정벌을 위해 병참기지로 제주도에 주둔하며 증류주 제조기법을 전하게 되고 이후 조선시대에 널리 보급되어 저장용 술로 자리잡아 제주도를 대표하는 술이 되었습니다. &amp;quot;제주 고소리술&amp;quot;은 인공적인 첨가물 없이 옛 전통방식 그대로 제조하여 그 전통을 잇고 있습니다. &amp;quot;제주 고소리술&amp;quot;은 한 때, 개성소주, 안동소주와 더불어 우리나라 3대 소주로 손꼽을 정도로 그 명성을 떨쳤습니다. 향기롭고 진한 맛과 순한 듯 하면서도 은근하게 올라오는 취기로 술을 마시는 흥취가 있고 숙취가 없습니다. &amp;quot;제주 고소리술&amp;quot;은 시간이 빚은 술이라고도 한다. 모든 과정이 손맛으로 빚어지고 오랜 기간 저온 항아리 숙성으로 부드럽고 목 넘김이 좋습니다. &amp;quot;제주 고소리술&amp;quot;은 고소리술 무형문화재 기능보유자인 김을정 할머니와 전수자에 의해 빚어지고 있다. 술이 대량생산으로 규격화 되고 있는 현재, 오래전 한국의 소중한 술 문화인 가양주 문화가 사라지는 것을 보며 &amp;quot;제주술익는집&amp;quot;은 양조 시설의 현대화를 과감히 포기하고 전통방식으로 술을 빚고 있다. 술을 빚는 것은 공장이 아닌 자연이며, 기계가 아닌 사람의 손이라는 것을 모토로 오늘도 자연과 함께 느림의 미학으로 술을 빚고 있다.",기름기 많은 고등어 회
증류주,문배술 헤리티지 40도,40%,"메조, 찰수수, 쌀",문배술은 알콜도수 40%임에도 불구하고 부드러운 목넘김과 입속 가득한 향기를 느낄 수 있는 우리의 전통소주입니다. 문배술 헤리티지 40도 제품은 문배술의 맑고 청아한 맛과 향을 모던한 패키지에 담아낸 제품입니다.,활어회
증류주,문배술 헤리티지 25도,25%,"메조, 찰수수, 쌀",문배술은 메조와 찰수수를 이용하여 빚어낸 순곡의 증류주임에도 문배나무의 과실 향기가 난다고 하여 문배술이라 말하고 있습니다. 문배술 헤리티지 25도 제품은 문배술의 맑고 청아한 맛과 향을 모던한 패키지에 담아낸 제품입니다. 기존 알코올도수 40도에서 25도로 낮춰 가볍게 즐길 수 있는 제품입니다.,복지리
증류주,명인 안동소주 22%,22%,"쌀(국내산), 누룩, 정제수",명인 안동소주는 전통식품명인 6호로 지정된 박재서 명인이 안동소주 본연의 맛을 예술의 경지까지 끌어올린 제품입니다. 안동지방 고지대 지하 암반 270m에서 뽑은 천연암반수에 쌀누룩의 매캐한 냄새를 고감도 기술로 잡고 오랜기간 숙성 하여 부드럽게 순화시킨 순곡 증류주입니다. 특히 현대인의 기호에 맞게 필수적으로 첨가되는 누룩을 만들어 공기접촉에 따른 산화현상으로 생기는 쌀 특유의 화근내를 제거했습니다. 다른 안동소주의 제조과정인 막걸리 상태에서 증류한 2단 방식과는 달리 청주를 한번 더 발효시켜 증류한 것으로 깊은 맛과 향이 월등합니다.,간고등어 구이
증류주,명인 안동소주 하회탈,45%,국내산 쌀 100%,반남박씨 집안에서 500년 대대로 내려온 가양주로 현 대한민국식품명인 제 6호인 박재서명인이 직접 제조한 순곡 증류식 소주입니다. 100% 우리 쌀로 3단계의 전술과 발효과정을 거치는 3단 사입법과 장기간 숙성방식으로 누룩의 냄새를 제거하였으며 명인 안동소주만의 특별한 제조방식을 통하여 누구도 따라올 수 없는 깊은 맛과 향을 간직하고 있습니다.,"육회, 회, 갈비살"
증류주,명인 안동소주,45%,국내산 쌀 100%,반남박씨 집안에서 500년 대대로 내려온 가양주로 현 대한민국식품명인 제 6호인 박재서명인이 직접 제조한 순곡 증류식 소주입니다. 100% 우리 쌀로 3단계의 전술과 발효과정을 거치는 3단 사입법과 장기간 숙성방식으로 누룩의 냄새를 제거하였으며 명인 안동소주만의 특별한 제조방식을 통하여 누구도 따라올 수 없는 깊은 맛과 향을 간직하고 있습니다.,"육회, 회, 갈비살"
증류주,소호,"36.5%  
							 
								 56%","평택 쌀(발아 현미, 백미), 누룩, 정제수, 대나무잎",직접 제작한 증류기로 내려 1년 여간 숙성한 증류소주입니다. 2번 증류한 36.5도와 3번 내린 56도 두 가지가 있습니다. 높은 도수에도 부드러운 목 넘김을 자랑하고 혀끝으로 산뜻한 배향이 감돕니다. 소호 56도는 양조장 대표 이계송 화백의 작품 ‘상춘’을 레이블로 입혔습니다.,
증류주,미르,"25%  
							 
								 40%  
							 
								 54%","쌀, 정제수","효소제나 효모제 없이 직접 띠운 밀 누룩의 힘으로만 발효하고 고문헌에 기록된 우리 최초의 소주 제조법을 지켜 만드는 전통 증류소주입니다. 25%, 40%, 54%의 3가지 도수로 출시되고 있으며, 향은 세고 강하지만 미세한 단맛이 높은 도수에도 부드러운 목 넘김을 선사합니다.","중화요리, 김치찌개, 삼겹살"
증류주,두레앙22,22%,"포도, 메타중아황산칼륨, 효모, 설탕, 정제수","와인을 감압증류한 명품 증류주의 35% 알코올을 22%로 낮춘 제품입니다.
목넘김이 더욱 부드러우며 포도주 증류주의 향이 있어 일반 술로 품격이 다른 제품입니다.","향이 있는 명품 술로 삽겹살, 소고기, 생선 구이 등에 최적입니다."
증류주,계룡백일주 40%,40%,"찹쌀, 백미, 누룩, 재래종국화꽃, 오미자, 진달래, 재래종 솔잎",16도의 백일주를 증류시켜 만든 계룡백일주 40도는 목젖이 칼칼한 맛과 진한 감칠맛이 뛰어나 더욱 깊은 맛을 즐길수 있습니다 그 맛에 취해 자꾸 마시다 보면 신선이 되다 하여 “신선주”라고도 불리웁니다.,"갈비구이, 생선회"
증류주,안동소주,45%,국내산 쌀,"전통식품명인 제20호 조옥화 명인이 빚은 안동소주는 안동의 맑고 깨끗한 물, 양질의 쌀과 누룩을 가지고 전승되어온 전통비법으로 빚어낸 증류식소주로서 은은한 향취에다 감칠맛이 그만이고 오래 지날수록 풍미가 좋아지는 특성이 있다.","육포, 고등어구이  쇠고기육포와 고등어구이처럼 지방이 적고 담백한 음식과 함께 마시면 안동소주의 은은한 향과 맛이 길게 여운을 남긴다."
증류주,포항불로주,"35%  
							 
								 45%",국내산 쌀,"포항불로주는 천연미네랄이 풍부한 청정지하암반수와 쌀을 발효시켜 증류한 순곡주이다. 맑고 투명하며 맛이 부드럽고 마신 후 자극이 없으며 입안에서 느껴지는 향이 일품으로 숙취가 없고 뒤끝이 깨끗하다. 도자기병은 포항지역 불교사찰인 보경사의 범종을 모티브로하여 불로의 뜻을 담고 있으며, 장수의 상징으로 여기는 십장생을 새겨 넣어 세월이 흘러도 퇴색하거나 늙지 않고, 언제나 젊고 역동적인 힘을 지녀 열정적인 삶을 살며 풍요롭게 되길 기원하는 뜻을 담고 있다.",소고기 육회고소하고 담백한 육회에 불로주를 한잔하면 입안에 감도는 향이 긴 여운을 남긴다.
증류주,고소리술,40%,"백미, 차조, 입국, 누룩, 효모(팽창제), 정제효소, 스테비올배당체(감미료), 정제수",,"육류구이  독특한 향과 깔끔한 뒷맛의 증류식곡주는 입안을 깔끔하게 정리해주는 맛이라고 할 수 있는데, 안주로 고기를 씹으면서 고소한 풍미와 육즙을 즐기다가 깔끔하게 고소리술로 마무리하면 좋다."
증류주,추성주,25%,"국내산 쌀, 국내산 한약재","추성주는 고려시대 담양 연동사에서 스님이 밥에 약초를 섞어 발효시킨데서 유래되었으며 조선 선조때는 ‘신선주’, ‘제세팔선주’로도 불리기도 했다. 쌀과 멥쌀을 기본적인 원료로 구기자, 오미자, 산약 등 10여 가지 한약재를 넣어 100일 이상 숙성시킨 증류주로서 약초들의 은은한 향취가 좋으며 탈취 및 항균작용이 있는 대나무 숯으로 여과하여 뒤끝이 깨끗하고 부드럽다.","갈치조림, 죽순회무침  갈치는 살이 희고 부드러우며 감칠맛이 있는데 중간크기로 새벽과 아침녘에 잡힌것이 더 맛있다고 한다. 죽순회무침은 데친갑오징어, 오이, 당근, 미나리, 풋고추와 함께 초고추장으로 버무린 담양군의 향토음식으로 한약재향이 그윽한 추성주와 잘 어울린다."
증류주,타미앙스,40%,"국내산 쌀, 국내산 한약재",타미앙스는 담양을 불어식으로 명명한 것으로 추성주의 원주가 되는 술이다. 자연 대나무 숯으로 여과한 후 자연대나무통과 함께 숙성함으로써 불순물이 제거되어 술맛이 깔끔하면서도 뒤끝이 부드러우며 5년 이상 숙성기간을 거쳐 맛과 향이 뛰어나다.,"떡갈비, 양곱창구이  떡갈비에 돔배젓, 토하젓, 진석화젓을 상추에 싸서 먹는다면 술안주로 금상첨화이다. 곱창은 담백하고 고소한 맛을 내어 예로부터 영양강장식품으로 전해오며 타미앙스의 맛과 향이 고기 맛을 살려준다."
증류주,로얄 안동소주,45%,국내산 쌀,"고려후기 일본정벌 때문에 안동에 주둔한 원나라군이 군사용으로 빚었던 소주가 민간에 전래되어 내려온 것이 안동소주의 기원이다. 로얄 안동소주는 우리 쌀 100% 순곡주로 만들었으며 빨리 취하고, 빨리 깨며, 숙취가 없고 뒤가 깨끗하다. 15년간의 장기 숙성으로 원숙미의 증가와 더불어 새로운 고유의 향미가 형성되어 있다.","삼겹살찜  통삼겹살을 된장, 청주, 재래간장, 마늘을 섞은 양념장에 하루정도 재워 숙성시킨 후 찜통에 쪄낸 삼겹살찜은 육질이 부드럽고 돼지고기의 누린내도 제거되어 로얄 안동소주의 독특한 향미를 잘 즐길 수 있다."
증류주,"명인안동소주 35%, 45%","22%  
							 
								 35%  
							 
								 45%",국내산 쌀,"반남박씨 25대손인 전통식 품명인 제6호 박재서명인이 빚은 안동소주는 안동지방의 좋은 물과 쌀로 빚어 장기간 숙성시킨 순곡증류주로 은은한 향과 감칠맛이 일품이다. 특히 뒤끝이 깨끗한 것이 특징이다. 100% 국내산 쌀로 3단사입법과 감압증류방식으로 화근내와 누룩의 냄새를 제거하였으며 명인만의 특별한 여과방식을 통하여 45%, 35%, 22%, 19%의 다양한 도수의 안동소주를 빚어내고 있다.","소고기 육회, 생선회, 목살양념단호박찜  신선한 육회와 고추냉이간장을 찍은 생선회, 목살양념단호박찜이 잘 어울리는데 안동소주가 입안을 깔끔하게 하며 긴 여운을 남기어, 맑고 깨끗함 속에서 깊은 맛을 느낄 수 있다."
증류주,금산인삼주 수삼 500,43%,"국내산 쌀, 국내산 인삼",,"생선회  쫄깃한 식감과 고소한 맛의 생선회 한 점을 먹고 수삼500을 한모금하면 생선회의 비린 맛도 가시고, 인삼향이 오랫동안 입안에 머무른다."
증류주,금휘,35%,"국내산 쌀, 황기, 금나노화된 황금물","양조장이 위치하는 제천 송한리는 조선시대부터 물 좋고 소나무가 번성하며, 한국약초의 본향으로 유명하다. 이 지역에는 황기를 비롯한 약초가 많이 자생하고 있어 이를 이용한 여러 종류의 막걸리와 증류주를 생산하고 있다. 금휘는 순금 99.9%(함량0.23ug)가 함유되어 있고 제천 황기와 국내산 쌀로 빚은 전통증류주로 특히 에너지(氣)가 다량 방출되는 전통 황금주이다.",류산슬  류산슬은 육류와 각종해물을 걸쭉한 소스에 부드럽게 조린 음식으로 맛이 담백해 위에 부담을 주지 않는다. 금휘의 강한 맛을 부드럽게 감싸줄 수 있어 좋은 안주가 된다.
증류주,두레앙 일반증류주,35%,국내산 포도,"1996년 8월 정부의 포도가 공식품 수입개방선언으로 포도가격이 하락하여 수입개방대응의 일환으로 농가들이 출자하여 회사를 설립, 제품을 생산하게 되었다. 두레앙은 거봉을 이용해 포도주를 증류한 술로서 향이 일품이며, 감압식으로 증류하기 때문에 목 넘김이 좋다. 증류과정에서 두통을 유발하는 초류와 후류를 제거해 깔끔한 맛을 자랑한다.","다양한 채소와 함께하는 고기류와 함께 차게해서 드시면 포도 향과 증류주의 깔끔함을 즐길 수 있습니다. 
알코올 도수가 높아 거부감이 있다면 얼음을 넣어서 천천희 희석되도록하면 한결 부드럽습니다."
증류주,소나무와 학,43%,"국내산 쌀, 황기","충북 제천시 송학면의 상징인 소나무와 학(Pine&amp;Crane)은 전통증류주방식으로 제천 약초를 이용하여 농촌종합개발사업의 일환으로 탄생하였다. 오대쌀을 발효·숙성한 다음 감압증류방식으로 증류하고 황기, 당귀 등의 약초에 침출 후 1년 이상 장기 숙성한 술로 약초향과 함께 깔끔한 맛이 난다.","깐풍기  깐풍기는 고추와 마늘로 향을 내서 볶아내는 닭요리로 기름에 튀겨 느끼할 수 있는데, 소나무와 학의 깔끔함이 기름진 맛을 잡아주고 은은한 약초향이 마늘소스 향과 잘 어우러져 증류주의 맛을 돋보이게 한다."
증류주,송로주,48%,"멥쌀, 솔옹이, 솔잎, 복령","송로주는 조선시대부터 양조되어 3대에 걸쳐 이어진 술로 소나무‘송(松)’에 이슬‘로(露)’자를 써서 붙여진 이름이다. 속리산 깊은 산골에서 채취한 소나무 잎과 솔옹이, 그리고 소나무뿌리에 서자라는 귀한 복령을 이용하여 먼저 송절주를 만들어낸다. 이 송절주를 증류하여 받아낸 술이 바로 송로주이다. 장복하면 장수할 수 있다는 속설이 있고, 동의보감 음식법에는 관절신경통에 특효가 있다고 기록되어 있다.","표고버섯나물  표고버섯나물은 불에 달군 팬에 버섯을 볶다가 다진 마늘, 소금으로 간만하면 되는데 쫄깃한 식감에 표고향이 입안에 감돌아 솔향 가득한 송로주와 환상궁합이다."
증류주,수삼단본 720,43%,"국내산 쌀, 국내산 인삼","금산인삼주는 인삼의 종주지인 금산에서 생산된 약효가 뛰어난 5년근 이상의 인삼, 쌀, 누룩 그리고 물탕골 천연암반수를 사용하여 전통적 방법으로 저온 발효시킨 양조주로, 소주에 단순히 인삼을 담가 우려낸 침출주와는 달리 순하고 은은한 인삼의 청향과 풍미를 만끽할 수 있다.","생선회쫄깃한 식감과 고소한 맛의 생선회 한 점과 금산인삼주 한 모금하면 생선회의 비린 맛도 가시고, 인삼향의 깊고 강한 향이 오랫동안 입안에 머무른다."
증류주,톡 한잔 소주,30%,"국내산 보리, 쌀","톡 한잔 소주는 보리로 누룩을 만들어 술을 빚고 15일 이상 저온 발효하여 예전옹기항아리모양의 고조리방식으로 내렸던 기술을 토대로 현대식증류기에 전통방식 그대로 상압(전통고조리방식)증류하고 저장고에 100일 이상 숙성 후 제품화하여 향이 구수하고 성상이 고유의 색택, 이미, 이취가 없으며 단맛, 쓴맛이 함께 느껴지는 것이 특징이다.","육류, 장어구이  담백한 육류 요리와 톡 한잔 소주만의 깔끔한 맛이 고유의 술맛을 잘 살려주며 장어구이에 함께 하면 장어만의 이취를 제거하여 부담 없이 먹기에 더욱 좋다."
증류주,병영설성사또,40%,"국내산 쌀, 국내산 오디, 국내산 복분자","조선 태종17년(1417년)에 초대 병마절도사 마천목장군이 전라병영성을 축조하며 즐겨 마셨다는 술을 현대기술과 접목하여 재탄생시켰다. 우리 쌀 100%를 지하 깊숙이 자리 잡은 청정수에 발효 후 증류하고, 오랜 숙성과정 중 오디와 복분자를 침출하여 천연의 향과 자연의 색을 갖추었다. 병영주조장은 전남 강진 병영의 수인산밑 맑은 지하수를 사용하고 있으며 50년 이상 된 장인정신과 국내산 쌀 사용만을 고집하고 있다.","삼겹살구이, 장어구이  장어에 많이 함유되어있는 비타민A는 신체저항력을 강화시키고 면역력을 높이는데 도움을 준다. 오디와 복분자향이 삼겹살과 장어의 이취를 제거해주며 양념이 없는 깔끔한 구이가 술 맛과 향을 제대로 느끼게 해준다."
증류주,남한산성소주,40%,"쌀, 엿, 누룩","남한산성 소주의 유래는 남한산성을 축성한 조선14대왕 선조때부터 전해진다. 곡물로 빚은 순곡소주로 엿을 이용하여 발효조를 만들고 이를 증류하기 때문에 증류주이면서도 강하고 자극적인 맛이 아닌, 부드럽게 넘어가고 잔기운이 오래남는 한국의 대표적인 증류주이다.",송이한우구이  한우구이는 육즙이 풍부하고 담백해서 남한산성소주의 부드럽고 긴 여운을 즐길 수 있는 음식이다.
증류주,"진도홍주, 만홍",40%,"국내산 쌀, 국내산 지초",고려시대부터 지초주라하여 임금님께 진상 되었던 고급술로 첨가물을 사용하지 않은 순곡증류주이다. 지초의 붉은색이 눈을 즐겁게 하고 목 넘김이 부드러우며 강하고 깨끗한 맛으로 시간이 지날수록 풍미가 좋아진다. 진도군수의 품질인증제품으로 소비자의 입맛에 맞도록 38%와 40% 등 다양한 도수생산은 물론 품질향상에 항상 노력을 기울이고 있다.,"두부스테이크, 문어회  두부를 큼직하게 썰어 노릇하게 구워서먹으면 고도주인 진도홍주를 마시기에 부담이 없다. 문어회는 기호에 따라 초고추장이나 참기름장을 곁들여내면 되는데 쫄깃하고 담백한 문어맛과 진도홍주의 부드러운 알싸함이 잘 어울린다."
증류주,문배술,40%,"국내산 찰수수, 국내산 메조","고려시대 신하들이 왕에게 좋은 술을 진상하여 벼슬을 얻게 되었는데 그 중 으뜸 가문의 술이 ‘문배술’이었다. 이후 고려중엽 후손들에 의해 널리 파급되었고, 현재 문배주양조원에서 5대에 걸쳐 술을 빚어 오고 있다. 문배술은 평안도지방에 전승되어 오던 술로 누룩과 곡물로만 빚는 술임에도 문배나무향기가 난다. 인공적인첨가제가 전혀 없이 맛과 향을 낼 수 있는 특징을 지니고 있기에 역사적, 문화적 가치는 물론이고, 식품산업적인의미도 내포하고 있다. 고도주임에도 목 넘김이 부드럽고 입속 가득한 향기로 감칠맛을 더할 수 있는 순곡의 증류주이다.","평양식 녹두지짐, 참숭어회- 문배술은 평양식 녹두지짐과 찰떡궁합을 이룬다는 역사를 갖고 있다. 녹두지짐은 돼지비계를 올려 크고 푸짐하게 구웠던 평안도 지방의 녹두지짐이 제일유명하고 평안도에서는 생일이나 잔칫상에 빠지지 않던 음식이다. 또한 육질이 찰지고 감칠맛이 뛰어난 참숭어회는 11월~3월이 제철로 진한문배향의 술 한잔과 잘 어울리는 한 쌍이다."
증류주,"진심홍삼인삼주 38%, 19%","19%  
							 
								 38%","국내산 쌀, 국내산 지초","우리나라의 기록에 인삼주가 처음 등장한 것은 &amp;lt;임원십육지&amp;gt;이다. 인삼주는 우리나라에서만 생산되는 고유의 전통주로, 고려인삼의 역사와 함께 오랜 세월에 걸쳐 뿌리를 내려왔다. 인삼주에는 누룩과 밑술에 인삼을 넣어 빚은 약주와 우리일상에서 접하고 쉽게 빚을 수 있는 증류주에 수삼을 넣어 장기간 숙성시킨 인삼주가 있다. 홍삼을 첨가하여 인삼증류주를 제조하는 특허기술로 빚었으며 38%의 진심홍삼인삼주는 고려인삼의 우수성을 알리고자 인삼을 통째로 넣었다. 이보다 도수를 낮춘 19% 홍삼주는 6년근 홍삼액과 인삼침출액이 10.3% 함유되어있다. 목 넘김이 부드럽고 홍삼과 인삼의 깊은 향을 느낄 수 있다.","구절판, 삼겹살구이  저녁 식사 때 삼겹살구이와 한잔하면 잘 어울린다. 구절판은 밀전병을 색깔별로 부쳐내고, 쇠고기, 버섯을 비롯한 갖가지재료가 많이 들어가는 음식으로 진심홍삼인삼주의 깊고 고급스런 분위기와 잘 어울린다."
증류주,천지향 증류주,40%,국내산 복분자,무농약 친환경 복분자로 빚은 복분자주를 5년의 연구를 거친 특허공법으로 증류해 만든 세계유일의 복분자 브랜디로 40도의 높은 도수임에도 혀끝을 감싸는 부드러운 맛과 브랜디 특유의 바디감이 특징이다.,"삼겹살구이  천지향의 강한 첫맛을 삼겹살의 담백함이 부드럽게 해주며 또한 천지향이 노릇하게 구운 삼겹살구이의 고소한 맛은 살리고, 기름진 맛은 없애준다."
증류주,"화요 41%, 25%, 17%","41%  
							 
								 25%  
							 
								 17%",국내산 쌀,"증류소주의 부흥과 발전을 위하여 출시된 화요는 국내산 쌀과 천연암반수를 사용하여 깨끗하고 다양한풍미를 즐길 수 있으며 옹기숙성, 감압증류방식, 미생물활용 등 전통을 유지하되 현대인의 입맛에 맞게 제조되었다. 화요 41%는 높은 도수에 비해 특유의 부드러운 맛과 깊은 향이 있어 스트레이트로 마셨을 때 맛과 향을 가장 잘 느낄 수 있고, 화요 25%는 화요의 부드러움과 원재료인 쌀 특유의 풍미를 담아냈다. 스트레이트로 마셔도 좋지만 뜨거운 물과 6:4의 비율로 섞어 마시는 것도 좋다. 화요 17%는 맛과 향은 그대로 담고 보다 젊고 고급스러운 감각을 더했다.","41%돼지머리편육  돼지머리편육에 깻잎, 부추, 파를 넣고, 마늘소스를 올려먹으면 궁합이 잘맞아 증류식소주의 깔끔한 여운을 즐길 수 있어서 좋다.25% 생선회- 화요 25도의 풍미가 생선의 비린 맛을 없애주고 부드러운 향이 감돈다.17% 닭파산적- 닭다리살 또는 가슴살에 대파를 같은 크기로 썰어 끼운 뒤 소금을 살짝 뿌려 갓 구워낸 닭파산적에 차가운 화요17도를 마시면 술의 부드러움이 입안을 감돈다."
증류주,의림소주,40%,국내산 쌀,독특한 향과 깨끗한 맛을 내기 위하여 100% 국내산 쌀을 발효시켜 최신공법인 감압증류방식으로 빚어냈다. 탄내를 제거시킨 향긋한 쌀향이 그윽하며 깨끗하고 깔끔한 맛과 향을 내는 증류식소주이다.,"제천 한우구이, 송어회  육류와 생선회는 증류주의 깔끔한 맛과 잘 어울리는 음식인데, 제천에서 생산된 음식과 술을 한자리에서 즐길 수 있다면 금상첨화라 하겠다. 제천 한우와 송어회는 충북제천의 특산물로, 제천 한우는 고지대의 맑고 청정한 환경 속에서 자라 신선한 육질을 자랑하고, 송어는 육질이 단백하고 고소하며 쫄깃한 맛이 일품이다."
증류주,금산인삼백주,43%,"국내산쌀 95.8%, 국내산 인삼 4.2%",금산에서 자란 5년근 인삼으로 빚은 인삼백주로 은은한 인삼의 청향과 부드러운 맛과 풍미를 전통방법으로 계승한 고급전통주이다.,"문어회증류주는 술 자체만으로도 즐기기에 충분한 경우가 많은데, 문어회는 쫄깃한 씹는 맛도 있고, 향도 진하지 않아 금산인삼주의 술맛을 그대로 느낄 수 있는 음식이라서 좋다."
증류주,두레앙목통숙성주,35%,목통숙성주원액,거봉포도를 원료로 포도주를 만들어 감압식증류기로 증류한 후 프랑스산 오크통에 숙성시킨 제품이다. 입과 코를 통하여 한 모금 머금은 술은 초콜릿 향과 오크 향이 입안에 은근하게 퍼지면서 마치 참나무 숲에서 불어오는 시원한 바람을 마주하고 서 있는 듯합니다.,"목통숙성의 참맛을 제대로 느끼려면 땅콩, 치즈 등 음식 자체의 맛이 강하지 않은게 좋습니다.
가족 또는 친구들과 함께하는 파티의 상황에서는 소고기, 삽겹살 구이에도 일품이어서 좋은 향, 오크의 묵직한 숙성의 맛과 함께 담소를 나누는 정겨운 분위기에 좋습니다. 좀더 부드러운 맛은 칵테일로 즐기실 것을 권합니다."
증류주,백이주,35%%,"쌀(국산), 홍마늘액(국산), 감초(국산), 개량누룩(국산), 효모, 정제효소제, 정제수, 밀함유","높은 도수임에도 불구하고 부드러운 목 넘김이 일품입니다.. 깔끔한 뒷맛과 입에 남는 은은한 향이 청주를 생각나게 합니다. 
술 자체에서 풍기는 고풍스러운 향으로 단독으로 즐기면 더욱 깊게 느끼실 수 있고 기호에 따라 따뜻하게 마시면 그윽한 향이 더욱 잘 느껴집니다. 
도자기 병으로 제작되어 묵직한 분위기로 고급진 느낌이 있으며 차례상 술로도, 혹은 특별한 기념일날 선물용으로도 좋습니다.","해산물, 육고기, 과일, 견과류 등"
증류주,모월 로,25%,"쌀(국내산), 누룩, 정제수",깊은 향을 가진 증류주입니다.,
증류주,모월로미니,25%,"쌀(국내산), 누룩, 정제수",,
증류주,모월인미니,41%%,"쌀(국내산), 누룩, 정제수",,
증류주,52C,17.5%,"정제수, 주정, 증류식소주원액, 오이","오이처럼 cool 하게 즐기는 싱싱한 오이 증류주. 예전에 유행했던 소주에 오이를 넣어 마시는 오이소주를 떠올리며 만든 술이다. 오이를 소주에 담그면 오이의 색과 향이 소주의 알코올 성분에 침출되어 소주 특유의 쓴 맛과 아로올 취를 부드럽게 하여 술 맛을 순하게 하고 이뇨작용을 활발하게 해주어 체내의 노폐물 배설을 도와주기도 한다고 한다. 오이는 차가운 성질이라 여름에 술 마실 때 나타나는 체온 상승을 어느 정도 억제해주고, 오이의 다양한 비타민은 숙취 해소에 효과가 있다고 한다. 이런 오이의 장점을 침출해 만든 세계 최초의 증류주가 52C이다. 52C를 마시면 입안 가득 오이와 멜론 향이 퍼진다.",곱창구이
증류주,각시탈,45%,"쌀증류원액(쌀: 국내산), 정제수, 발효주정",국내산 쌀 100%로 만든 700년 전통의 증류식 안동소주로 부드럽고 깔끔하여 숙취가 적다. 화학첨가물이 전혀 들어가지 않아 안심하고 먹을 수 있으며 증류식 소주로 은은한 향과 감칠맛이 개운하며 목넘김이 순하고 담백하다. 국내 유일하게 3회 여과한 증류원액을 사용하여 화근 냄새를 줄였으며 전통의 맛과 향을 개선하여 누구나 즐길 수 있게 대중화했다. 마신 후 입안 가득 향이 퍼지며 뒤끝이 깨끗하여 다음날 숙취가 적은 전통주이다. 각시탈 모양으로 선물하기 좋다.,
증류주,금설,35%,"쌀(국내산)증류원액, 금박(순도97%), 기타과당",금가루가 술과 섞여 금싸라기 눈이 내리는 듯 온화하고 따뜻한 순수 100% 증류주이다. 거친맛을 내는 상압증류 방식에 비해 첫 맛은 부드럽고 끝 맛은 깔끔한 감압증류 방식을 사용함으로써 원주 고유의 맛을 최대한 살렸다.,"닭도리탕, 해물찌게"
증류주,달홀진주25,25%,"정제수 증류원액(쌀: 국내산), 국, 효모, 정제효소제",전통방식증류의 무감비 순수 증류주. 레몬이나 라임을 띄워 얼음과 함께 칵테일 해서 마시면 더욱 좋다.,"민물매운탕, 한우"
증류주,달홀진주40,40%,"정제수 증류원액(쌀: 국내산), 국, 효모, 정제효소제",전통방식증류의 무감비 순수 증류주. 레몬이나 라임을 띄워 얼음과 함께 칵테일 해서 마시면 더욱 좋다.,"양꼬치, 곱창"
증류주,로아19레드,19%,"사과소주원액(사과(국내산), 설탕, 효모, 메타중아황산칼륨(산화방지제), 셀룰라아제), 정제수",로아를 만드는 한방울 한방울의 시간은 한국적인 정성스러움을 로아의 맑고 투명함은 비움과 여유 그리고 풍류를 의미합니다. 사과를 사용하여 술의 풍미를 부드럽게 감싸주고 은은하며 그윽하게 퍼지는 사과향을 느낄 수 있습니다.,
증류주,로아19옐로우,19%,"배소주원액(배(국내산), 쌀(국내산), 물, 효모, 국, 젖산), 물",로아 19도 옐로우는 국내산 쌀과 배를 원료로 사용하여 빚은 술을 상압동 증류기를 통해 증류하여 장기간 숙성한 제품입니다. 흰 빌깔의 이슬이라는 뜻을 담은 프리미엄 증류주로써 로아를 만드는 한방울 한방울의 시간은 한국적인 정성스러움을 로아의 맑고 투명함은 비움과 여유 그리고 풍류를 의미합니다. 배를 사용하여 고도주의 풍미를 부드럽게 감싸주고 은은하며 그윽하게 퍼지는 배향을 느낄 수 있습니다.,"오돌뼈, 숯불 닭발, 훈제오리"
증류주,로아40퍼플,40%,"포도소주원액(포도(국내산), 효모, 설탕, 메타중아황산칼륨(산화방지제), 정제수",로아를 만드는 한방울 한방울의 시간은 한국적인 정성스러움을 로아의 맑고 투명함은 비움과 여유 그리고 풍류를 의미합니다. 포도를 사용하여 고도주의 풍미를 부드럽게 감싸주고 은은하며 그윽하게 퍼지는 포도향을 느낄 수 있습니다.,
증류주,로아19화이트,19%,"물, 쌀소주원액(쌀(국내산), 국, 효모, 젖산, 물), 주정, 벌꿀(국내산, 천연), 아카시아향(합성착향료)",로아를 만드는 한방울 한방울의 시간은 한국적인 정성스러움을 로아의 맑고 투명함은 비움과 여유 그리고 풍류를 의미합니다. 쌀을 사용하여 고도주의 풍미를 부드럽게 감싸주고 은은하며 그윽하게 퍼지는 쌀향을 느낄 수 있습니다.,"연포탕, 조개탕"
증류주,로아40화이트,40%,"쌀소주원액(쌀(국내산), 물, 국, 효모, 젖산), 물, 주정, 벌꿀(국내산, 천연), 아카시아향(합성착향료)",로아를 만드는 한방울 한방울의 시간은 한국적인 정성스러움을 로아의 맑고 투명함은 비움과 여유 그리고 풍류를 의미합니다. 쌀을 사용하여 고도주의 풍미를 부드럽게 감싸주고 은은하며 그윽하게 퍼지는 쌀향을 느낄 수 있습니다.,"허브솔트 삼겹살, 스테이크, 곱창, 육사시미"
증류주,선비 진,48%,"진증류원액, 찹쌀(국내산), 감귤(국내산)","부드러운 단맛을 위해 맵쌀이 아닌 100% 찹쌀을 사용하여 조선시대 때의 방식으로 찹쌀가루를 내서 범벅으로 덧술을 빚어서 만든 술이다. 찹쌀이 선사하는 향기와 달큰함이 부드럽게 목을 타고 넘어가며 목넘김 후 올라오는 고도주 특유의 향과 느낌은 첨가물이 없는 깔끔한 재료 덕분에 깨끗하게 다가온다. 조선 시대에 지식과 인품을 갖춘 사람에 대한 호칭인 선비의 정신을 담아 더 높은 비용이 들지라도 더 나은 품질을 위해 찹쌀, 오미자와 같은 값비싼 재료를 주저하지 않고 사용한 술이라 하여 이름을 선비 진이라 붙였다.",
증류주,소여강 25%,25%,"쌀증류주원액(국내 여주쌀), 정제수",프리미엄 술들이 선택한 단식증류방식으로 2번 내린 증류주. 추연당만의 여과기법과 숙성을 통해 저도수 증류주에서 느낄 수 없는 탁월한 밸런스를 느낄 수 있다.,"양념갈비, 미나리삼겹살"
증류주,아리아리,40%,"정제수, 과실주증류주원액(정제수, 오가피열매: 정선산, 설탕, 효모)",,"복어 지리, 도다리쑥국"
증류주,엄청주,18%,"엄나무(국내산), 천일염, 토종꿀(국내산), 정제수","맑은술 엄나무주 엄청주는 자연친화적이며 양기의 상징인 대표적인 술로 3개월 이상을 숙성시켜 만들었다. 담금주 치고는 비교적 알코올 도수가 낮지만 이는 엄마누 약성은 저도수 알코올에 잘 녹기 때문에 약효를 최대한 살리기 위한 방법이다. 엄나무는 염증질환과 신경통, 간장질환에도 효과가 크다고 알려져 있으며 열량이 적어 다이어트에 효과적이다. 직접 엄나무를 자연재배하여 엄나무의 효능을 담은 술이다.","돼지김치찌게, 해물 버섯 전골"
증류주,유기농 이도 32,32%,"물, 증류원액(유기농 쌀, 국내산)",친환경 유기농 쌀로 빚은 술로 젊은 세종대왕 이도가 32년간 재위함을 기린 전통 소주이다. 최초의 유기가공인증 증류주로 말걸리형 전통주이며 끝 맛이 부드럽다.,"복지리탕, 우수육, 어복쟁반"
증류주,일엽편주,38%,"찹쌀, 멥쌀(국내산), 누룩, 정제수, 밀 함유",상압증류 후 무여과 병입하였으며 고소함과 감미가 풍부하며 부드러운 맛과 향이 난다. 시간이 지날수록 깊이와 기품있는 향이 더해지는 술이다.,
증류주,죽향41,41%,"정제수, 쌀(국내산), 벌꿀, 조제종국, 정제효소, 젖산",담양의 친환경쌀을 우리 전통의 소주 제조기법으로 1~3년 저온숙성을 통해 만든 41도의 프리미엄 증류소주. 특유의 향과 깔끔한 맛이 특징이다.,"홍합탕, 오뎅탕"
증류주,추사백25,25%,"증류원액(사과증류원액, 사과: 국내산), 정제수",사과를 발효하여 진공저온 증류한 소주형태의 사과증류주이다. 증류 후 일체의 주정이나 감미료를 넣지 않아 사과의 은은한 풍미가 느껴지며 증류 과정에서 메탄올 등 숙취 원인물질을 제거하여 뒤끝이 깨끗한 술이다. 저온 증류하여 상큼한 사과향이 풍부하게 살아있어 상쾌하고 깔끔하며 부드럽니다. 한식과도 잘 어울리며 다양한 칵테일로 즐기기에도 좋다.,"생갈비, 지리탕"
증류주,필,25%,"고구마증류원액(고구마여주산), 정제수","여주에서 난 고구마를 손질해 발효시킨 뒤, 발효가 끝나면 술지게미를 걸러 통 증류기를 이용해 상압식으로 추출해 오랜 숙성을 거치면 고구마증류주 필이 완성된다. 필은 반드시 이뤄낸다는 의미로 조선 고구마 전문서적 서현호감저소를 토대로 연구하고 만든 술이다.","홍합탕, 오뎅탕"
증류주,타락40,40%,"증류원액(국내산 우유), 정제수",국내 최초 우유 증류주. 타락은 우유(소나 양 등의 동물의 젖 또는 이것을 정련해서 만든 음식)를 의미한다. 우유를 원료로 만든 술이라는 의미에 중의적인 의미를 얹어 소비자들이 재미있고 기억하기 쉽게 이름을 지었다. 술의 원재료는 우유로 우유에 유산균을 첨가해 치즈를 만들 때 나오는 유청에 효모와 효소를 첨가하여 발효과정을 거친다. 치즈 커드의 달콤한 향과 우유의 영양분이 발효 및 증류에 중요한 역할을 한다.,"살라미, 똠양꿍, 그린커리"
증류주,매화마름,14%,"물, 유기농 갈색설탕(필리핀산), 유기농쌀(국내삼), 국, 효모, 산도조절제, 잔탄검(밀함유)",매화마름 맛술은 멸종위기 식물 매화마름을 보존하는 한국 내셔널 트러스트의 &amp;#039;매화마름쌀&amp;#039;로 빚는 술이다. 세계 최초로 람사르 습지로 등록 된 강화 매화마름 군락지의 논에서 수확한 유기농 쌀 한방울 한방울 천천히 내려 만들어 요리에 풍미를 더하고 식감을 더해준다.,
증류주,오디여라,25%,"오디증류원액(오디:국내산), 정제수, 올리고당","국내산 유기농 오디와 국내 기술로 분리해 낸 토종 베리효모를 사용하여 저온 발효, 오크통 숙성으로 부드럽고 풍부한 오크향을 부여한 술이다.","육류 및 치즈, 해산물 등."
증류주,추사백40 사과 증류식 소주,40%,,추사백은 사과를 세척하여 착즙 후 알코올 도수를 높이기 위해 약 8% 당분을 가당하여 30일 동안 발효하여 감압 방식 증류기로 저온 증류한 술이다.,
증류주,고도리 징기스칸 브랜디,40%,,잘 숙성된 레드와인을 증류시켜 오크통에서 1년간 숙성을 거친 뒤 병입한 제품으로 향긋한 과일향과 깊은 오크향이 조화를 이루어 초주와 말주를 제거하여 숙취가 없고 맛이 깔끔합니다.,굴요리 등
증류주,산막와이너리 증류주 환희,40%,국내산 캠벨얼리 100%,"산막와이너리의 와인 화몽을 동증류기로 증류, 오랜 시간에 걸쳐 최대한 천천히 증류주를 뽑아내어 맛과 향이 풍부함.",
증류주,선비 보드카,40%,"정제수, 주정, 쌀증류식소주원액",,"장어구이, 맑은 탕"
증류주,사십오도,45%,"쌀, 효모, 젖산, 옥분, 억새어린순, 지초뿌리, 정제수",두 번 증류한 증류주로 지초가 들어가 깔끔한 맛의 술이다.,육류 및 생선회
증류주,육십일도,61%,"쌀, 효모, 젖산, 옥분, 억새어린순, 지초뿌리, 정제수",환갑을 축하하는 의미를 가지고 있는 두 번 증류한 증류주이다.,육류 및 생선회
증류주,아우내,20%,"포도주 증류원액, 주정",두레앙 고객의 대중화를 위해 출시된 제품으로 포도주 증류주의 향을 보유하면서 알콜도수를 낮추어 보다 부드러운 맛과 알코올의 맛을 내어 누구나 즐길 수 있습니다.,"육류, 생선"
증류주,미르아토 증류주 tears of god,40%,포도 등,"미르아토 증류주 와인은 포도 와인을 증류하여 도수를 높인 증류주로써, 포도의 향과 황금빛 컬러를 강조한 증류주입니다.",
증류주,김수한무,39%,"수수(국내산), 누룩(국내산), 효모(국내산), 정제수","김수한무는 한국고량주의 첫 브랜드로 한국인의 무병장수를 기원하는 의미로 만들었다. 한국사람이 한국에서 한국의 수수로 만든 고량주로, 누가, 어디서, 어떻게, 무엇을 넣어서 만들었는지 알 수 있는 고량주는 한국고량주뿐이다.",
증류주,원소주,22%,"물, 쌀(국내산)","원소주는 대한민국 화폐단위인 원과 동전을 메인 모티브로 대한민국 국기인 태극기의 건곤감리를 원안에 배치하여 대한민국 대표 소주가 되고자 하는 염원을 담았다. 100% 국내산 쌀을 사용하고 소주에 사용되는 합성첨가물을 넣지 않았습니다. 또한, 2주간의 옹기 숙성을 통해 소주 맛이 더욱 부드럽고 깔끔합니다.",한식과 양식 어떤 음식과도 잘 어울린다.
증류주,꽃빛서리,17.2%,"증류원액(백미, 생화20가지, 효모), 정제수, 주정, 결정과당, 구연산, L-아스파라긴산, 효소처리스테비아","꽃빛서리는 국내산 백미와 국화, 산수유, 매화 등 20가지 생화를 넣어 양조한 밑술을 증류해 만들어진 소주이다. ‘꽃의 향기와 맛이 서리처럼 내리다’라는 이름처럼, 생화의 향이 가득하다. 전통 소주의 특성상 깔끔한 맛과 부드러운 목 넘김이 특징이며, 혼합된 불순물이 거의 없어 숙취가 적다.","중국음식처럼 너무 강한 안주와는 어울리지 않으며, 싱싱한 해산물과 페어링하면 좋다."
증류주,독도소주,17.3%,"쌀 증류주 원액, 해양심층수, 주정, 에리스리톨, 결정과당, 고과당, 효소처리스테비아","도소주의 라벨에는 40240이라는 숫자가 적혀 있는데, 이 특별한 숫자는 다름 아닌 독도의 우편번호이다. 이 번호를 통해 동해와 독도가 한국 고유 영토임을 세계에 알리고 싶다는 포부로 만들어진 전통주이다. 독도소주는 100% 국내산 쌀을 원료로 감압증류 하여 쌀의 은은한 향이 살아있는 감미로운 맛이 특징이다. 또한, 울릉도의 해양심층수로 만들어 풍부한 천연 미네랄이 함유되어 있다.","뒷맛이 깔끔해서 모든 음식에 잘 어울리지만, 해산물과 함께하면 독도의 푸른 바다를 더욱 잘 느낄 수 있다."
증류주,동해소주,17.5%,"쌀 증류주, 해양 심층수, 주정, 에리스리톨, 결정과당, 고과당, 효소처리스테비아",2018년 출시된 바다한잔-동해는 맑은 동해의 해양심층수와 국내산 생쌀을 감압증류 하여 전통주의 향미 발효와 여과 기술로 빚어낸 전통주다. ‘바다한잔-동해’라는 제품명은 천연 미네랄이 풍부한 해양심층수 사용을 강조해 실제 바다를 마시는 느낌과 친근하게 술을 건네는 두 가지 의미를 담고 있다.,"동해는 육회나 소고기구이, 숙성 회와 잘 어울린다.​"
증류주,빡치주,25%,"증류원액(쌀 국내산 100%), 정제수",빡치주는 토종 OTT 왓챠가 ‘좋좋소’ 콘텐츠 속 제품을 구현하여 출시한 전통주다. 전통주 전문 기업 술샘 양조장과 함께 선보인 빡치주와 개빡치주는 100% 국내산 햅쌀 전통 증류식 소주다.,목 넘김이 부드러운 빡치주는 감칠맛 있는 한식은 물론 중식과 잘 어울린다.
증류주,하늘,45%,"보리, 증류식소주원액, 조제종국, 정제수, 젖산, 효모, 구연산, 오크칩","새 희망을 노래하며 청량한 하늘을 닮아가는 보리가 담긴 내국동주 하늘 보리밭 사잇길에 서있는듯 희망의 봄 냄새가 코끝을 찌르고 나면, 초록물결을 타고 오는 보리피리인냥 청량하고 구수함을 한 가득 담았다.",약간 따뜻하게 또는 차게 드셔도 좋으며 모든 음식에 조화를 이루고 샌성회나 해산물과 같이 즐기면 입안에서 도는 향미가 더 개운하게 느껴진다.
증류주,바람,20%,"쌀, 증류식소주원액,정제주정, 정제수, 구연산",어머님 밥짓는 마음으로 올라오는 연기와 오랜시간 뜸 들인 시골집 밥 내음을 담았다. 술잔을 기울여 고향에서 불어오는 바람을 소중한 사람들과 함께 나누면 좋다.,약간 따뜻하게 또는 차게 드셔도 좋으며 모든 음식에 조화를 이루고 생선회나 해산물과 같이 즐기면 입 안에서 도는 향미가 더 개운하게 느껴진다.
증류주,화백,25%,"멥쌀(국내산), 찹쌀(국내산), 누룩(국내산 밀함유), 효모, 정제수",화백 25는 우리 전통의 가치를 지키며 저도주를 선호하는 현대인의 기호에 맞춰 고도의 &#039;火(불)소주&#039;를 리브랜딩한 저도(25%)의 순수 증류주이다. 1500년의 전통재래비법으로 빚은 한산소곡주를 그대로 증류하여 한 방울 한 방울 정성을 담아 모아 만든 증류식 소주로 그윽한 향취와 특유의 감칠맛이 그대로 살아 숨쉬는 술이다. 도수25도의 부드러운 첫 맛과 함께 깔끔한 뒷 맛을 가지고 있으며 일체 감미료가 들어가지 않아 다른 술과 섞어 마시지만 않으면 숙취가 없다.,"서천에서 만들어지는 술인 만큼 서천의 명물인 쭈꾸미 볶음, 매운탕 등이 잘 어울린다. 또는 당근을 편으로 썰어 식초에 절인 호라복제와 함께 하면 산미를 채워주며 적당한 균형감을 맞춰가며 즐길 수 있다."
증류주,백송,16%,"멥쌀(국내산), 찹쌀(국내산), 누룩(국내산 밀함유), 효모, 정제수","백송 16은 우리 전통의 가치를 지키며 변화하는 시대적 흐름에 맞춰 강산주조만의 감성으로 리브랜딩 한 우리나라 대표 고급 전통술, 한산소곡주이다. 1500년의 전통재래비법으로 빚은 한산소곡주는 그윽한 향기와 특유의 감칠맛이 그대로 살아 숨쉬는 술이다. 그 맛과 향이 뛰어나다보니 한번 앉아서 마시기 시작하면 일어날 줄 모른다고 하여 앉은뱅이술이라는 별칭도 가지고 있다.","서천에서 만들어지는 술인 만큼 서천의 명물인 아귀찜, 회 등이 잘 어울리며, 얼음이나 차가운 탄산수를 넣어 즐기는 것도 추천한다. 또는 살짝 올라오는 알코올감을 부드럽게 만들어 줄 수 있는 담백한 국물 안주 혹은 우엉 같은 뿌리채소 조림과 어울린다."
증류주,도래하,19%,"정제수, 주정, 쌀소주원액(정제수, 쌀(국내산), 국, 효모, 젖산), 합성함료(진향, 감초향), 구연산, 천연향료(고수향), 아스파탐(감미료, 페닐알라닌 함유)","배혜정도가에서 새롭게 출시한 도래하는 기존의 술과 다른 새로운 맛과 신선한 충격을 가져다준다. 제품명은 넓은 강을 건너는데 필요한 인내의 시간을 뜻하는 단어로, 술을 한 모금 머금으면 드넓은 풀밭 옆 조용히 흐르는 강가에 있는듯한 느낌이 든다.",고도주의 알코올향을 감싸줄 감칠맛 나는 음식인 보쌈과 함께 하시면 잘 어울린다.
증류주,진안블랙,40%,"팽화미, 블랙보리, 누룩, 수삼, 홍삼농축액, 보리침출 주정(이상 국내산), 효모, 정제수",진안블랙은 병의 외관인 라벨에서부터 신비로운 마이산의 당당한 기세와 검은보리를 담았다. 청정 자연에서 재배한 쌀과 검은 보리로 빚은 증류주는 도수 18도에 은은한 금빛을 띠며 보리의 구수하고 쌉싸래한 풍미가 입안에 감돈다. 여기에 더해 태평주가가 가장 자신 있는 삼의 맛까지 담아내어 복합적인 맛을 살리며 부드러운 목넘김을 구현했다.,진심 홍삼주와 인삼주는 맛에서나 효능에서나 삼계탕과 좋은 궁합을 자랑한다.
증류주,불소주,41%,"멥쌀(국내산), 찹쌀(국내산), 누룩(국내산 밀함유), 효모, 정제수",火(불)소주는 1500년의 전통재래비법으로 빚은 한산소곡주를 그대로 증류하여 한 방울 한 방울 정성을 담아 모아 만든 증류식 소주로 그윽한 향취와 특유의 감칠맛이 그대로 살아 숨쉬는 술이다. 도수 41도의 강한 첫 맛과 함께 깔끔한 뒷 맛을 가지고 있으며 일체 감미료가 들어가지 않아 다른 술과 섞어 마시지만 않으면 숙취가 없다.,"서천에서 만들어지는 술인 만큼 서천의 명물인 쭈꾸미 볶음, 매운탕 등이 잘 어울린다."
증류주,황금보리 증류주 17,17%,"보리(국내산) 39.9%, 누룩(국내산)3.3%, 효소(액화효소), 효모(향미증진제), 정제수, 과당, 구연산(산도조절제)","황금보리소주는 일반 희석식 소주와는 다른 증류식 소주로, 향과 바디감이 좋고 그 맛이 깔끔하다. 보리로 술을 빚으면 피질에 많은 단백질이 아미노산으로 분해될 때에 고유의 향이 발생하는데 황금보리 증류주는 이러한 보리술 고유의 구수한 향이 부드럽게 입안에서 퍼진다. 황금보리 17%는 부드러우며 보리 향과 시원한 맛을 자랑한다.","누룩의 독특한 향이 구수한 맛의 육포, 찜 등과 같이 한식과 드시면 더욱 잘 어울린다."
증류주,진도 백주,38%,"쌀(국내산)100%, 정제수, 조제종국, 효모, 지초(국내산), 올리고당, 구연산, 알라닌",높은 도수의 술이지만 순곡주 특유의 깨끗하고 깔끔함이 어디에나 잘 어울리는 도화지 같은 느낌으로 목넘김이 자연스러우며 기분 좋은 끝 맛이 입에 맴돈다. 국내산 쌀을 이용해 밑술을 만들고 발효하고 증류시킨 전통 소주다.,"생선회나 기름진 전류, 산적이나 쇠고기 구이 등 다양한 한식 메뉴들과 두루 잘 어울린다."
증류주,겨울소주45,45%,"증류원액[쌀(국내산), 국, 효모, 효소] 100%","겨울소주는 다양한 첨가물로 인위적인 맛을 내는 일반 희석식 소주와는 달리 100일동안 숙성한 깊은 향을 간직한 발효원주를 감압으로 증류하여, 잡내와 쓴맛을 완벽하게 잡아낸다. 또한 일체의 첨가물 없이 발효의 조화로 180일동안 추가 숙성하여 깨끗하고 부드럽게 순수한 맛을 구현한다.","육류나, 생선요리, 부각 튀김 등과 잘 어울리는 편이다."
증류주,황금보리 증류주 25,25%,"정제수, 보리(국내산) 40.05%, 누룩, 효소(액화효소), 효모, 과당, 구연산(산도조절제)","황금보리소주는 일반 희석식 소주와는 다른 증류식 소주로, 향과 바디감이 좋고 그 맛이 깔끔하다. 보리로 술을 빚으면 피질에 많은 단백질이 아미노산으로 분해될 때에 고유의 향이 발생하는데 황금보리 증류주는 이러한 보리술 고유의 구수한 향이 부드럽게 입안에서 퍼진다. 황금보리 25%는 보통 증류주처럼 옛날 전통의 맛을 느낄 수 있다.","누룩의 독특한 향이 구수한 맛의 육포, 찜 등과 같이 한식과 드시면 더욱 잘 어울린다."
증류주,황금보리 증류주 40,40%,"보리(국내산) 40.27%, 누룩, 효소(액화효소), 효모(향미증진제), 정제수, 과당, 구연산(산도조절제)","황금보리소주는 일반 희석식 소주와는 다른 증류식 소주로, 향과 바디감이 좋고 그 맛이 깔끔하다. 보리로 술을 빚으면 피질에 많은 단백질이 아미노산으로 분해될 때에 고유의 향이 발생하는데 황금보리 증류주는 이러한 보리술 고유의 구수한 향이 부드럽게 입안에서 퍼진다. 황금보리 40%는 첫 맛은 강하지만 이내 부드러워지면서 달콤하고 구수한 풍미가 입안을 가득 채운다.","누룩의 독특한 향이 구수한 맛의 육포, 찜 등과 같이 한식과 드시면 더욱 잘 어울린다."
증류주,고리진,47%,"노간주열매, 유자, 복분자, 오미자, 구기자, 인삼, 우엉, 생강, 감초, 산초","고리진은 열가지 한약재를 활용하여 풍미 가득한 수제진을 만들었다. 고리진의 맛은 상큼한 유자와 쥬니퍼 베리 향으로 시작한다. 이후 인삼과 우엉에서 묵직한 바디감과 생강과 산초에서 향기로운 향이 전해진다. 복분자, 오미자, 감초의 향을 느낄 수 있다.",상큼한 과일과 기름진 한식과 궁합이 좋다.
증류주,아치23,23%,"감 발효증류주, 정제수","진득하게 발효한 감와인은 감 특유의 떫은 맛이 매우 강하다. 떫은 맛을 내는  감의 탄닌, 폴리페놀 성분들은 증류를 통해 특유의 단맛과 산뜻한 향을 연출해 낸다. 세번의 상압증류를 통해 깔끔한 첫인상을 뒤로 목넘김에 퍼지는 산뜻한 향을 느낄 수 있다.","감자튀김, 전, 스낵, 마른반찬, 육포와 어울린다."
증류주,남한산성소주 21,21%,"쌀증류식소주원액{맵쌀백미(국내산), 쌀}, 조청{쌀(국내산), 엿기름(보리, 국내산), 누룩, 정제수}, 정재수",투명한 잔에 따르고 흔들면 진득한 점도가 육안으로도 확인된다. 그리고 이내 구수하면서 묵직한 단맛이 풍겨 한 모금 마시면 조청이 자아내는 단맛이 입안 전체로 퍼진다.,"얼음이나 토니워터와 함께 마셔도 좋다. 삼겹살 또는 육회 등 소고기, 생선회와 잘 어울린다."
증류주,착한농부 막시모 17,17%,"단수수(국내산)증류원액, 주정, 오미자(국내산)추출액, 합성향료(오미자향, 복분자향), 캬라멜, 정제수",청정지역 경북 예천에서 재배한 최고급 오미자로 증류한 막시모 17 오미자 특유의 오묘하고 상흠한 향과 오지마의 다섯가지 군형잡힌 맛을 느낄 수 있다.,장어구이와 함께 드시면 환상적인 궁합을 자랑한다. 한식과도 잘 어울리며 그 중 구절판과 잘 어울린다.
증류주,착한농부 막시모 25,25%,"단수수(국내산)증류원액, 주정, 오미자(국내산)추출액, 합성향료(오미자향, 복분자향), 캬라멜, 정제수",청정지역 경북 예천에서 재배한 최고급 오미자로 증류한 막시모 25 오미자 특유의 오묘하고 상흠한 향과 오지마의 다섯가지 군형잡힌 맛을 느낄 수 있다.,장어구이와 함께 드시면 환상적인 궁합을 자랑한다. 한식과도 잘 어울리며 그 중 구절판과 잘어울린다.
증류주,착한농부 막시모파인오크 40,40%,"단수수(국내산)증류원액, 오미자(국내산)추출액, 합성향료(오미자향, 복분자향), 정제수",청정지역 경북 예천에서 재배한 최고급 오미자로 증류한 막시모 40 오미자 특유의 오묘하고 상흠한 향과 오지마의 다섯가지 군형잡힌 맛을 느낄 수 있다.,장어구이와 함께 드시면 환상적인 궁합을 자랑한다. 한식과도 잘 어울리며 그 중 구절판과 잘어울린다.
증류주,참주가 동해밤바다,17.2%,"증류원액[쌀(국내산), 입국(국내산), 효모], 정제수, 주정, 매실(국내산), 과당, 효소처리스테비아, 에리스라톨, L-아스파라간산(영양강화제)",시원한 바다의 느낌을 구현한 증류주로 물처럼 맑고 투명한 색상을 자랑한다. 깔끔하고 순한 맛으로 목을 탁 치는 알코올의 느낌 없이 매끄럽게 넘어간다. 뒷맛은 은은하게 쌉쌀한 매실의 향이 올라오며 꺠끗하게 마무리된다.,"회, 생선구이, 해물류, 육류요리 어떤음식에도 잘 어울린다."
증류주,참주가 서해밤바다,17.1%,"증류원액[쌀(국내산), 입국(국내산), 효모], 정제수, 주정, 매실(국내산), 과당, 효소처리스테비아, 에리스라톨, L-아스파라간산(영양강화제)",우리 쌀을 발효하여 증류한 술에 국내산 매실을 침출하여 만들어진 술이다. 숙취가 좋으면 목넘김이 깔끔하다.,"회, 생선구이, 해물류, 육류요리 어떤음식에도 잘 어울린다."
증류주,참주가 청화랑,17%,"증류원액[쌀(국내산), 블루베리(국내산), 입국(국내산), 효모], 정제수, 주정, 과당, 효소처리스테비아, 에리스리톨, L-아스파라간산(영양강화제)",우리 쌀을 저온 발효 후 끓이는 식의 증류가 아닌 낮은 압력과 온도로 증류하여 깔끔한 끝 맛을 느낄 수 있는 증류주입니다. 영양만점 블루베리를 저온발효 숙성 후 함께 증류하여 블루베리의 은은한 맛을 더했습니다.,"회, 생선구이, 육류와 잘 어울립니다."
증류주,팔로미 더 블랙 26 (8ROMI 19+ THE BLACK 26),26%,"정제수, 쌀(국내산), 찹쌀(국내산), 누룩","충남 특등급의 당해년도의 햅쌀을 주 원료로 사용하였으며, 無첨가물, 無화학조미료, 無보존제를 유지합니다.
비공개 특허기술과 상압방식의 2차 증류로 깔끔하고 부드러운 맛을 베이스로 곡물향과 한국 전통주의 깊은 맛을 느낄 수 있습니다.",
증류주,팔로미 더 화이트 21 (8ROMI 19+ THE WHITE 21),21%,"정제수, 쌀(국내산), 찹쌀(국내산), 누룩","충남의 당해년도 특등급 햅쌀을 주 원료로 사용하였으며, 無첨가물, 無화학조미료, 無보존제를 유지합니다.
비공개 특허 기술과 상압 방식의 2차 증류를 통해 깔끔하고 부드러운 맛과 깊은 곡물향을 함께 느낄 수 있습니다.",
증류주,진심 인삼주,19%,"쌀(국산100%),정제주정 , 인삼침출액 , 홍삼농축액, 고과담 , 스테비오솔바톨 , 구연산 , 정제염","진심 인삼주는 연한 미색을 띠며 6년근 인삼 한 뿌리를 같이 병입한 제품입니다. 
특수공법으로 쌉싸름한 맛과 인삼 향을 최소화시켜 소주를 좋아하는 애주가들도 좋아할 제품입니다.",삼겹살이나 김치찌개 또는 담백한 회 등 한국인들이 좋아하는 모든 요리와 같이 드시면 좋습니다.
증류주,병영사또,40%,"쌀증류식소주원액[햅쌀(국내산)],복분자(국내산),오디(국내산),정제수",40도 고도주임에도 부드러운 목 넘김은 전통주의 새로운 품격을 느끼게 합니다.오랜 숙성의 완숙주로 향기가 은은하고 목 넘김이 부드러우며 숙취가 없습니다.,매운 음식이나 기름진 음식과 함께하면 입안을 화사하게 정리해주어 궁합이 좋습니다.
증류주,백제소주,25%,"정제수, 쌀증류원액(쌀: 국내산 100%)","백제소주는 증류한 술을 한번 더 증류하여 더 깔끔하고,더 깨끗한 상태로 만들며 원주의 플로럴한 향을 가지며 8개월간 술 숙성 전용 항아리 숙성을 통해 숙취가 적고 부드러운 증류주를 완성시킵니다.","양고기,고기국수,닭곰탕,만두전골,명란계란탕 등"
증류주,가무치,25%,"정제수, 쌀(국내산), 입국, 효모","가무치 소주는 잔에 따르는 순간부터 피어오르는 강렬한 향을 가진 소주입니다.
하지만 그 속에는 섬세하고 부드러운, 신선한 향들을 가지고 있습니다.
입에 들어오면 무게감 있고 오일리한 질감들이 퍼지며
마지막에는 쌀에서 오는 기분좋은 달콤함이 잔잔하게 남아있게 됩니다.
천천히 음미하면 다양한 모습들을 만나볼 수 있는,
가무치 소주는 그런 역동적인 술입니다.",가벼운 한식류 (국물이 맑은 탕 /계절 나물 무침) 담백한 해산물 (광어회/구운 흰살 생선)
증류주,토끼소주 블랙,40%,"정제수, 찹쌀(국내산), 누룩, 효모, 효소제",술은 마시자마자 고소한 향이 은은한 스며드는 술입니다.깻잎에서 느낄 법한 향긋한 향이 입안 분위기를 화사하게 바꿉니다.,"그림새우 ,양꼬치 , 꿔바로우"
증류주,토끼소주 골드,46%,"정제수, 찹쌀(국내산), 누룩, 효모, 효소제","토끼소주를 미국산 버진 오크통 숙성을 거친 46도의 제품으로 오크의 바닐라와 다크초콜릿, 다크체리의 향긋함과 캐러멜, 구운 견과류의 부드럽고 풍성한 여운이 특집입니다.
개봉하여 마시는 첫 술도 좋지만 실온보관 후 마시는 두번째 술은 더욱 부드럽게 토끼소주를 즐기실 수 있는 방법입니다.","장어구이 ,맑은 탕"
증류주,려 고구마 소주,25%,"쌀증류소주원액(여주산 쌀 100%),정제수,고구마증류소주원액(여주산 고구마100%)",여주산 고구마100%를 상압 증류 후 옹기 숙성 해 깊고 풍부한 풍미가 뛰어난 부드러운 맛입니다.,"탕류(조개탕,홍합탕,복어탕,어묵탕 등 )육류 (수육 , 보쌈,쇠소기,구이,삼겹살 등)
샌선,해산물류(회,생선찜,생선구이 등) 간단한 안주류 (견과류,초콜릿 등)"
증류주,퍼플 진,36.5%,"진원액,정제수,퍼플그레이프칼라",달고 부드러운 맛이랑 거부감 없는 향기가 특징입니다. 증류주가 감미료를 넣은 것 처럼 달고 부드럽습니다.또한 향 손실을 방지하기 위해 특수한 방법으로 탈기와 숙성공정을 거친 후 만들어 집니다.,"생선회 ,핑거푸에 곁들여서 드시면 더욱맛있습니다."
증류주,운암 32오크,32%,증류원액(쌀-국내산100%).정제수,인공감미료 및 어떠한 당도 들어가지 않고 쌀 본연의 맛과 풍미에 집중한 무첨가 웰메이드 증류식 소주이며 32%도수지만 감압 증류 방식을 사용하여 깔끔하고 부드럽습니다.,스테이크와 같은 양식과도 잘 어울리며 치즈처럼 간단한 핑커푸드와도 잘 어울립니다.
증류주,주향아라,55%,"쌀(국내산),국,효모,정제수,정제효모",3년간의 숙성을 통해 목넘김의 이질감을 최소화하여 마시는 순간 녹아 사라지는 듯한 깔끔함을 선사합니다.,주향숙성주는 문어숙회 또는 송어회외 같이 마시면 잘 어울립니다.
증류주,M24,24%,"정제수,쌀,국,메밀",시원한 술맛과 따뜻하고 스파이시한 목넘김이 반전 매력으로 온 몸의 열기가 진한 여운을 주는 특별한 술입니다.,"탕요리 , 닭요리"
증류주,도원결의,40%,"정제수,증류원액,복숭아(국내산),복숭아향(천연향류),포도당,효소처리스테비아,구연산",청정지역 영덕의 해풍을 맞고 자란 복숭아를 천연 발효 기법으로 빚어 자연스러운 복숭아 향이 풍부하며 은은한 단맛과 상큼함이 조화롭고 목넘김이 부드럽습니다.,"가벼운 과일 안주, 크래커, 떡볶이, 가벼운 스낵류, 매콤한 음식"
증류주,제주 감귤주,50%,"감귤(제주산)증류주원액,정제수",신례명주는 반짝이는 황금빛 제주 감귤을 저온 발효하여 증류한 후 참나무통에 숙성한 술입니다.,"활어회 ,치즈, 육회 .."
증류주,전가네 육십일도,61%,"쌀 30.8%,효모0.12%,젖산0.08%,옥분7.7%,억새어린숨0.77%,지초뿌리0.19%,정제수60.34%,","인생의 새로운 출발의 의미인 환갑을 기념하며 마시기 위해 만든 술. 궁예의 눈물을 두 번 증류하고 지초를 통과시켜 61도로 만든 증류주, 실제 마셔보면 생각했던 것보다 목넘김이 부드러워 한번쯤은 시도해 볼만한 술.",
증류주,전가네 사십오도,45%,,궁예의 눈물을 두번 증류하고 지초를 통과시켜 만든 증류주이다.,
증류주,입술,40%,"쌀 효모, 젖산, 옥분, 어린억새순, 야관문, 정제수",술을 마신 날 밤 문을 차고 나간다는 전설의 비수리(야관문)이 들어간 40도 증류주로 원주는 궁예의 눈물로 두 번 증류한 후 다시 야관문 잎에 담궈 낸 40도 증류주이다.,육류 및 생선회
증류주,산정호수 솔잎주,30%,"찹쌀32.4%,누룩0.65%,솔입0.005%,정제수60.94%",궁예의 눈물을 두 번 증류하여 산정호수의 노송에 담궈 낸 30도 증류주이다.,
증류주,두레앙 브랜디,35%,"포도96.1%,메타증아황산칼륨,효모,설탕,정제수","두레앙 브랜디는 증류 과정에서 두통을 유발하는 초류와 후류를 제거해 깔끔한 맛을 자랑한다. 특히 맛을 좋게 하기 위해 감압식 증류로 생산, 일반 농가에서 만들어 먹는 증류주에 비해 불 냄새가 없고 포도향이 강해 제대로 된 거봉 증류주의 풍미를 만끽할 수 있다. 오크통 숙성을 하여 오크향과 묵직한 바디감이 일품이다.",알코올이 입술과 혀를 자극시키고 술을 마시고 난 후에도 입 안에 풍미가 가득하다. 굴 요리와 잘 어울린다.
증류주,양촌감 보드카,32%,"감발효증류주,정제수",추시는 홍국과 타닌으로부터 옅은 붉은 색을 띄며 감 고유의 은은한 향과 입안을 감싸는 독특한 떫은 맛이 특징입니다. 감을 사용한 술을 만들기 위해 홍국균을 이용하여 감을 발효시키는 특수공법을 개발하여 추시만의 독특한 맛과 향을 만들게 되었습니다.,"삼결살,생선회,생선구이"
증류주,월광주 42,42%,"쌀,물,누룩",삼양주 막걸리를 전통 방식으로 증류한 원주 그대로의 소주입니다. 전통 소주 그대로의 깊은 맛과 향을 즐길 수 있습니다.,
증류주,한주매화,35%,"쌀41.936%(국내산),정제수,누룩(밀)","한주(汗酒)는 땀을 내듯 증류시킨 술로
한방울 한방울 정성들여 만든 귀한 술을 의미합니다.",닭가슴살 구이.해산물
증류주,문배술 천향,40%,"증류원액(조(국산), 수수(국산),효모,국,정제수), 정제수","무첨가물, 무가 향 국내산 수수와 조로 만든 순수한 증류주입니다.","양갈비,제육볶음,참치회,홍어무침"
증류주,감홍로,40%,"정제수,쌀(국내산),조,용안육,계피,진피,정향,생강,감초,자초",은은하고도 강렬한 계피 향미가 도드라지는 전통 증류주입니다.,"전과 같은 한식, 해산물과도 잘 어울리는 술입니다."
증류주,이강주 5호,25%,"쌀(국산), 정제수, 배(국산), 정맥(국산), 생강(국산), 울금, 계피, 꿀, 효모, 누룩, 조효소제","이강주(梨薑酒)는 조선시대 3대 명주 중 하나로서, 전통소주에 배(梨:배나무 이)와 생강(薑:생강 강)이 들어간다고 하여 이강주라 불리게 되었으며 예전에는 약의 의미인 이강고(梨薑膏)라 불렸습니다.","육회,부침개"
증류주,별헤주 1941,17%,"매실(국내산), 정제수, 발효주정, 과당, 천일염,에리스리톨, L-아스파라긴산(영양강화제)","과학적인 검증을 거친 저온 숙성법을 활용한 증류주입니다.영양이 가장 풍부한 매실을 한 알 한 알 엄선하여 수확해

매실의 깊은 맛과 향을 담았습니다.","육류, 해산물, 한식, 양식, 일식, 중식"
증류주,해운대블루스,17.3%,"증류원액, 정제수, 매실, 기타과당, 에리스리톨",국내산 쌀을 발효 숙성하여 증류한 술에 직접 재배한 매실을 듬뿍 더하여 만든 전통주입니다.,"육류, 해산물, 과일, 치즈."
증류주,대숲 맑은 담양향 Gold,41%,"정제수, 쌀, 벌꿀, 조제종국, 젖산",담양의 친환경 쌀을 우리 전통의 소주 제조 기법으로 1~5년 저온숙성을 통해 만든 프리미엄 증류식 소주입니다.,"한식,보쌈.."
증류주,이연56,56%,"수수, 누룩, 효모, 정제수",무농약 수수를 사용하기 때문에 안심하고 마실 수 있는 국산 고량주입니다.,
증류주,복분자 그라빠,40%,"증류원액(국내산 복분자), 정제수",항아리 숙성 후 냉동여과공법을 이용해 복분자의 달달한 향과 깔끔한 맛이 특징입니다.,"육류, 치즈, 해산물."
증류주,양반안동소주 3년산 호리병,45%,"쌀100%+천연암반수, 순곡주",100% 국내산 쌀과 안동 고지대의 암반수를 사용하여 만들어졌으며 어떠한 첨가물도 혼합하지 않은 전통 증류주입니다.,"삼겹살, 해산물."
증류주,병영소주,40%,"보리증류식소주원액, 정제수",100% 국산 보리를 발효 및 증류하여 만든 보리소주입니다.,"한식, 육류, 해산물."
증류주,댄싱22,22%,"정제수, 사과증류원액, 사과농축액, 사과향","100% 국산 사과 약 7개를 저온에서 진공상태로 증류하여

소주의 쓴 맛은 없애고 사과의 은은한 단맛과 향만 남은 증류주입니다.","물회,대하구이,오징어 초무침"
증류주,만월  24/40,24%/40%,"단수수증류원액, 복분자과즙, 정제수","높은 도수와 반대로 목 넘김이 부드러웁니다.

또한, 색소를 사용하지 않고 복분자 원료가 들어가 선명한 붉은색을 띄며 복분자 향이 은은하게 납니다.","장어구이,구절판"
증류주,죽력고,32%,"쌀, 죽력, 누룩, 정제수","대나무를 토막 내 불을 지펴 흘러내리는 대나무즙‘죽력’에

대잎, 석창포, 계심 등을 넣고 소주를 내려 증류시킨 술입니다.","해산물,전골"
증류주,주향이오,25%,"쌀(국내산),국,효모,정제수,정제효소",주향이오는 부드럽고 새겅이 강하지 않으며 주향담을은 약간의 단맛에 은은한 향이 납니다.,"문어숙회 ,송어회"
증류주,농태기,25%,"정제수, 쌀(국산 충북음성 다올찬쌀)","알싸한 고추씨의 스파이시한 맛과 구수한 누룩의 향미,특유의 산미로 끝맛이 깔끔합니다.","꼬치류,전,부침개.육류 등등 .."
증류주,하늘아래서,24%,"단감증류원액,정제수","숙성된 단감와인을 감압증류하여 부드러우면서 깨끗하고,100% 국내산 단감의 고유한 향과 풍부한 맛을 담아낸 증류주입니다.",
증류주,모을동주 소주,43%,"물, 쌀(철원군), 국, 효모, 밀함유","주정에 감미료를 타서 만든 저렴한 희석식 소주가 아닌, 술덧을 증류한 그대로를 담은 오리지널 증류식 소주입니다.","버섯 전골 ,차돌박이 숙주 볶음."
증류주,형형40,40%,증류원액(경기도 친환경 쌀100%).정제수,상상 이상의 부드러운 목넘김과 고유한 쌀 향을 머금은 깔끔한 증류주입니다.,"갈비찜,전골요리"
증류주,연연 25,25%,증류원액(경기도 친환경 쌀100%).정제수,쌀 소주에 깨의 향을 더하여 두 번 내린 증류주입니다.,"생선회,두부 요리,산채 요리"
증류주,BURNT 번트,25%,"메밀(강원도 양양산100%)증류원액,정제수",번트 보리25는 한국 최초의 볶은 보리 소주입니다.숨쉬는 항아리에서 숙성된 소주는 목넘김이 부드럽고 원재료의 향과 맛이 살아있는 것이 특징입니다.,"육류,생선회,오뎅탕,조개찜"
증류주,탱자 C,23%,"증류원액[김해산 햅쌀100%, 진영단감 발효수(28.5%),자연야생탱자(22.5%), 누룩(밀함유,국내산)], 정제수, 효모","탱자-씨 증류주는 술의 품질을 위해 증류중 초류, 후류를 과감 하게 제거하여 본류에만 충실한 증류주이며 평균 4개월의 숙성 과정과 5회의 숙성실 이동으로 깊은 맛과 부드럽고 진한 향을  내어 아주 오래 숙성된 술처럼 느껴집니다.","족발,골뱅이무침,물김치"
증류주,우곡소주,25%,"쌀소주원액(쌀(국내산), 국, 효모, 젖산, 물), 물",감미료를 전혀 넣지 않고 오직 쌀과 누룩으로만 빚은 한국 전통 증류식 소주입니다.,파스타.회/육회 등 ..
증류주,로아 포르토,40%,쌀소주원액(쌀(국내산),"국내산 햅쌀과 특허받은 누룩을 정성을 담아 끓여 증류하고 오크통에 숙성한 진짜 소주입니다.
배도가 로아 포르토는 국내 최초 포르투 포도주 오크통을 사용해 숙성한 지금까지 볼 수 없었던 프리미엄 한국 증류식 소주입니다.",견과류.
증류주,가무치 43%,43%,"정제수, 쌀(국내산), 입국, 효모",감압식 소주와 비교하여 상압식 소주는 향이 다채롭고 화려하다는 특징이 있습니다.하지만 자칫 탄내취나 누룩취가 과하게 두드러질 수 있다는 단점이 있습니다.,
증류주,바야흐로,40%,증류주 원액,"시나브로 와이너리에서 직접 양조한 와인을 증류해 만든 술입니다.

한 해에 약 500병만 생산합니다.

기존의 증류주와는 다른 특별한 맛과 향이 특징입니다.

40도 고도주라는 것이 믿기지 않을 만큼 목넘김이 부드럽고 깔끔합니다.",
증류주,바야흐로 오크,40%,증류주 원액,화려한 꽃향과 과일향과 오크향의 조화를 느낄 수 있다. 포르투갈산과 국내산 오크를 사용하여 단맛과 신맛이 어우러진 균형감을 느낄 수 있다.,
증류주,술숲,19%,"정제수, 감귤(제주산)증류원액, 알로에(제주산)농축액, 곡물주정",청정 제주 특산물 알로에로 빚은 술. 제주 감귤증류원액을 더해 깨끗하고 감미로움을 더함. 상쾌하고 깔끔한 목넘김.,"갈치조림, 딱새우 회, 순대볶음, 삼겹살"
증류주,야수 S 53,53%,"고구마 증류주원액(강화섬쌀, 강화 고구마 100%)","해풍 맞고 자란 강화섬 쌀과 강화 고구마, 전통 누룩 등 자연의 재료로만 빚은 고구마 소주.","육회, 삼겹살"
증류주,야수 R 53,53%,"쌀 증류주원액(강화섬쌀, 찹쌀, 차조), 누룩(국내산), 정제수","해풍 맞고 자란 강화섬 쌀과 찹쌀, 교동의 차조, 전통 누룩 등 자연 재료로 빚은 증류주. 풍부한 향과 부드러운 맛이 특징.","튀김류, 버섯 요리"
증류주,야수 G 53,53%,"인삼 증류주원액(감화섬쌀, 찹쌀, 강화 6년근 인삼 100%), 누룩(국내산), 정제수","해풍 맞고 자란 강화섬 쌀과 찹쌀, 강화 6년근 인삼, 전통 누룩, 정제수로 빚은 증류주. 깔끔하고 부드러운 맛과 강화 인삼의 풍미",오리고기
증류주,화심소주 군쌀,25%/ 40%%,"군쌀, 물, 위스키 효모",구운 쌀에 입국과 누룩 대신 효소와 효모를 사용해 재료가 가진 맛을 균형감 있게 이끌어냈다. 고소한 풍미를 자랑하는 골든퀸 쌀을 그래도 갈아 진한 맛이 특징.,"갈비찜, 누룽지백숙, 장어구이 등 양념된 육류 똔느 고소하고 담백한 음식"
증류주,화심소주 군고구마,25%/ 40%%,"군고구마, 물, 위스키 효모",구운 고구마에 입국과 누룩 대신 효소와 효모를 사용해 재료가 가진 맛을 균형감 있게 이끌어냈다. 군고구마 특유의 진하고 깊은 맛과 껍질이 주는 화려하고 향긋한 맛이 특징.,"밀푀유나베, 연포탕, 꼬리수육 등 국물있는 담백한 음식"
증류주,애플스피릿,20%,"정제수, 사과증류원액(사과:국산), 사과농축액(사과:국산), 사과향",사과 맛과 향이 풍부하여 경쾌한 맛. 사과로 시작해 깔끔하게 떨어지는 피니시가 특징. 부드러운 바디감과 은은한 향의 균형이 좋다.,"사과 조림을 얹은 팬케이크, 아보카도 오픈샌드위치"
증류주,바띠,21%,,,
증류주,숙희59,59%,"유기농 쌀(골드퀸3호), 누룩, 물","곡성의 자랑, 누룽지의 향을 담아낸 유기농 백세미로 인해 강렬한 원료의 향과 맛이 지속된다. 상압방식으로 5년 이상 옹기에 숙성하였으며 부드러운 마무리감을 자아낸다.",
증류주,형형 25,25%,"경기도 친환경쌀 100%, 정제수, 에탄올 함량 25%",경기도 광주에서 재배한 쌀로 만든 부드럽고 달콤한 소주이다.,"평양냉면, 보쌈, (냉)제육 및 편육, 녹두전과 같은 한식"
증류주,별그리안 초설감,40%,"감귤(제주산), 거조효모, 설탕, 정제수",상압증류 방식을 통해 제주 감귤의 상큼한 향을 담아낸 감귤 증류주다.,"생선회, 초무침"
증류주,려 2013 본,41.5%,"증류소주원액(고구마 여주산 100%), 쌀(여주산 100%), 정제수","려의 뿌리가 된 여주 증류소의 첫 원액이 10년 숙성의 기다림을 거쳐 완성된 증류주다. 상온 보관 후 얼음 없는 온더락잔에 1/4 정도를 따라서 한 모금씩 천천히 즐기면 여주산 고구마의 달큰함과 쌀의 감칠맛을 더욱 풍부하게 느낄 수 있다. 차갑게 마실 경우 아로마 성분들이 모여 만드는 하얀색 결정체들이 보일 수 있는데, 이는 Non Chill Filtered 증류주만의 특징이자 자연스러운 현상이니 안심하고 마셔도 된다.","회, 치즈"
증류주,설홍,20%,"동백증류원액, 정제수, 곡물주정",제주 동백꽃을 발효해 동백발효주를 만들고 여기에 단식 상압 증류한 동백증류원액을 배합하여 동백의 향긋함을 더한 술이다.,"전, 낙지볶음, 돼지고기"
증류주,성산포소주,25%,"정제수, 쌀(국내산), 입국, 효모",성산포소주는 제주의 맑고 깨끗한 화산암반수와 쌀로 빚어졌다. 쌀 고유의 고소한 풍미와 깊은 청주의 향이 특징이다. 목넘김이 부드럽고 깔끔한 뒷맛 덕분에 부담 없이 마실 수 있다.,"돌문어숙회, 삼치회, 참소라"
증류주,필 25,25%,"정제수, 고구마증류원액(고구마여주산100%)",여주산 쌀과 고구마를 발효시켜 만든 증류주다. 오랜 숙성을 거쳐 빚어낸 고구마의 은은한 향이 일품이다. 깔끔하고 부드러운 목넘김이 특징이며 쌀의 은은한 단맛도 느껴진다.,"불고기, 갈비"
증류주,게이샤,9%,"증류원액, 주정, 커피원두(게이샤)",홍천의 쌀로 만든 전통소주에 향미와 단맛이 풍부한 에티오피아 게이샤 커피원두를 넣어 만든 증류주다. 풍성한 열대 과일과 꽃 아로마 향이 나면서도 쌉쌀하며 고소한 맛이 나는 것이 특징이다.,"달달한 디저트류, 스테이크"
증류주,쇼어 RED,25%,"찹쌀(국내산 포천), 쌀(국내산 포천), 쌀누룩(국내산-자사제조), 효모(국내산-한국식품연구원), 정제수","강원도 인제산 쌀로 만들어진 &amp;amp;#039;쌀 보드카&amp;amp;#039;이다. 자작나무 숯으로 여과해 깨끗한 맛을 자랑하며, 특별한 재료인 청양고추가 더해져 독특한 풍미를 선사한다. 깔끔한 단맛과 40도의 묵직한 알코올감이 조화롭게 어우러지고, 차갑게 먹으면 더욱 풍부한 맛을 느낄 수 있다. 목넘김이 좋고 특유의 상쾌함이 느껴진다.","삼겹살, 전"
증류주,안동 진맥 소주,40%,통밀,직접 기른 유기농 통밀을 상압 증류하고 저온 발효하는 과정을 거쳐 만든 밀 소주로 통밀의 고소함과 감칠맛이 느껴진다. 소주 한 병이 만들어지는 데에 2년의 시간이 소요되며 부드러운 맛과 향을 가지고 있다.,"오리고리, 곱창"
증류주,양평 밀 소주,53%,통밀,양평에서 제배된 통밀을 원료로 만든 증류식 소주. 스트레이트 방식으로 마시면 부드러운 목 넘김과 향을 온전히 느낄 수 있다. 밀 특유의 고소한 향과 부드러움이 특징이다.,"기름진 꼬치류, 매콤한 양념의 한식"
증류주,소주다움 45,45%,"쌀증류식소주원액(쌀: 국내산), 정제수",상큼한 청귤향을 중심으로 꽃향기와 풀잎향이 어우러져 독특한 풍미를 자아내는 증류식 소주. 쌀의 단맛이 느껴지고 이후 짜릿한 청량감이 퍼지면서 묵직한 바디감이 오랫동안 입안에 남는 것이 특징이다.,"소고기, 돼지고기"
