술 종류,술 이름,술 도수,술 재료,술 소개,술과 같이 먹는 음식,술 생산 지역
술 종류,술 이름,술 도수,술 재료,술 소개,술과 같이 먹는 음식,술 생산 지역
리큐르/기타주류,필,25%,"고구마증류원액(고구마여주산100%),정제수",여주산 고구마를 하나하나 손질하여 발효시킨다. 발효가 끝나면 술지게미를 거르고 다시 동증류기를 이용하여 상압식증류로 고구마증류원액을 내린다. 이렇게 얻어진 고구마증류원액은 오랜기간의 숙성을 거쳐 마침내 고구마증류주[필]이 된다.,"맑은 탕요리류와 간이 약한 육류, 해산물, 향과 맛이 약한 모든 음식과 잘 어울리는 술이다.","경기도 여주시 대신면 대신1로 120, 나호"
리큐르/기타주류,우도 땅콩 전통주,6%,"정제수, 전분당, 백미, 국, 땅콩분, 효모, 젖산 등","연간 1,200만 명 이상의 관광객이 드나드는 제주도에 가면 빼놓을 수 없는 관광지인 우도, 우도는 섬이지만 땅이 비옥하여 어업보다는 농업이 발달한 섬입니다. 여기에서 재배하는 땅콩은 작고 고소하기로 소문 나 있는데 이 땅콩을 원료로 고소한 맛과 향과 맛을 그대로 느껴볼 수 있는 술이 있습니다. 청주에서 나오는 조은술 세종의 우도 땅콩 전통주를 소개합니다.","방앗간에서 깨소금을 볶았을 때 나는 고소한 향기를 가지고 있으며, 산미가 적고 단맛이 강하지만 목넘김은 매우 깔끔합니다. 입 안에 기름진 맛이 특징이다. 안주 없이 들이키기 좋은 술입니다.",충북 청주시 청원구 사천로 18길 5-2
리큐르/기타주류,오목대,5%,"보리(국내산), 맥아(국내산), 말토텍스트린, 호프펠렛, 효모, 정제효소제, 정제수","""오목대""는 검은 빛이 감돌아 전주 한옥마을의 기와지붕을 떠올리게 하는 술입니다. 구운 맥아를 사용하여 초콜릿 또는 커피와 같은 구수하고 달콤한 향과 여운이 매력적인 제품입니다. 제조사 전주술로시티는 3013년 설립 때부터 국산 보리를 원료로 사용하여 제품을 생산하였으며 2018년부터는 전북의 무농약 보리를 사용하여 보다 자연친화적이고 맛 있는 술을 생산하고 있습니다.",구워진 곡물 맛을 그대로 느낄 수 있는 발포주. 진한 에스프레소와 같은 향도 있습니다. 기존의 흑맥주와 다른 점은 마지막에서 느껴지는 맛에 지극히 매끈한 부드러움을 가지고 있다는 것. 향은 진하지만 식감은 부드러운 독특한 맛이 특징입니다. 생맥주 대신 즐길 수 있는 술로 맥주와 어울리는 기름진 음식에 잘 맞습니다.,전북 전주시 완산구 동문길99
리큐르/기타주류,어우야,16%,"야관문(제주산), 정제수, 포도당, 효모","""어우야""는 제주바다의 해풍을 맞고 자란 야관문(비수리)을 재료로 3대째 내려오는 전통제조방식으로 45일간의 시간 동안 정성으로 만든 100% 발효주입니다. 풀잎향, 배향, 계피 향이 배어 나오고 달콤하면서 가벼운 맛을 냅니다. 알코올 맛이 덜하고 끝 맛은 와인처럼 약간의 탄닌감을 남깁니다. 얼음과 토닉을 첨가해서 칵테일로 마셔도 좋습니다.",&quot;어우야&quot; 네이밍의 느낌과 같이 야관문을 넣어 빚은 발효주입니다. 야관문의 독특한 맛이나 향 보다도 야관문이 가지고 있는 약재의 효능을 잘 살린 술이라 할 수 있습니다. 미색을 가지고 있으며 입 안에 들어가면 약재 맛이 가득하지만 느낌이 매우 산뜻합니다. 저녁 식사와 항상 함께하기 좋은 술입니다.,제주특별자치도 제주시 한경면 고산로 2길 22-13
리큐르/기타주류,설궁,30%,"자연산 송이버섯, 산양산삼, 토종벌꿀","제조사 솔래원의 설궁은 기타주류로 분류되며 강원도 자연산 송이버섯, 자연산 토종벌꿀, 산양산삼 등 천연 원재료를 침출, 숙성시켜서 프랑스산 브랜디, 브랙커런트를 함께 주정에 혼합하여 만든 위스키입니다. 평창 물갈참나무를 팰릿 형태로 만들어 술에 넣은 후 우려내는 방식으로 제조해 전통 방식의 위스키와는 또다른 맛과 향을 자아냅니다.",은은하게 버섯향과 삼향이 올라오고 술을 입에 넣으면 알코올도수에 비해 도수가 낮아 보일 정도로 부드럽습니다. 인위적인 맛과 향은 있으나 거부감이 없고 누구나 편하게 즐길 수 있는 술입니다. 조개구이와 잘 어울립니다.,강원도 양구군 방산면 칠전길 12-7
리큐르/기타주류,서울의 밤,25%,"매실증류주원액, 벌꿀, 포도당, 노간주나무열매, 정제수","천매, 매실원주, 원매 프리미엄, 원매 등 매실주를 전문으로 생산하고 있는 ""더한주류""에서 2018년 새롭게 출시한 황매실을 원료로 증류주입니다. 국내의 다른 매실주는 5~6월경 수확되는 청매를 이용하는 반면, 매실원주는 보다 완숙한 상태에서 7월경 수확되는 황매를 이용합니다. 황매는 청매에 비해 향미가 뛰어나지만 고가인 단점이 있으나 최상의 원료로 최상의 제품을 만든다는 제품 철학으로 황매를 이용합니다. ""서울의 밤""은 스트레이트로 맛을 느끼고, 언더락을 풍부한 향을 느끼고, 칵테일로 완벽한 조화를 경험할 수 있는 새로운 차원의 매실 증류주입니다.","홍어삼합, 해산물찜 등 생선요리",서울특별시 은평구 증산로7길 28-13
리큐르/기타주류,산내울 사과애주,16%,"사과, 설탕, 주정, 정제수, 과당",거창 사과 원예 농협에서 생산하는 ‘산내울 사과애주’는 해발 600m 이상에서 청정 지역에서 재배된 사과를 엄격한 생산과정과 품질관리를 거쳐 저온발효하여 만든 술입니다. 맑고 우아한 색과 상큼하고 달콤한 향이 혀끝을 간질이고 사과의 청량함이 입 안 가득 퍼지는 제품입니다.,여름에 얼음과 탄산수를 넣고 마시면 더할 나위 없이 시원한 술입니다.,경남 거창군 거창읍 거함대로 3452-41
리큐르/기타주류,산내울 복분자주,16%,"복분자, 설탕, 주정, 정제수, 과당","거창 사과 원예 농협에서 생산하는 ‘산내울 복분자주’는 해발 600m 이상에서 자란 청정 복분자를 원료로 한 리큐르주입니다. 복분자의 붉은 빛깔을 그대로 담고 있으며, 향과 맛이 잘 어우러져 거창군을 대표하는 특산물로 자리하고 있습니다. 엄격한 생산과정과 품질을 관리하며 저온 발효탱크에서 발효하여 복분자의 효능뿐 아니라 특유의 아름다운 색과 향을 구현하고 있습니다.",여름에 얼음과 탄산수를 넣고 마시면 더할 나위 없이 시원한 술입니다.,경남 거창군 거창읍 거함대로 3452-41
리큐르/기타주류,바나나 주,4%,"쌀, 국, 정제수, 바나나 농축액, 조제종국, 효모, 물엿","달콤하면서도 향긋한 바나나 냄새 때문에, 바나나 우유를 마시는 듯한 느낌을 받는 조은술 세종의 바나나 주. 국내산 쌀로 빚어 4%의 낮은 도수를 가지고 있어 젊은 층들이 특히 좋아할 만한 술이고, 산미는 적고 단맛이 강해 누구나 부담 없이 즐길 수 있는 막걸리다.",산미가 적고 단맛이 강하고 마치 바나나 음료를 마시는 듯하다. 남녀노소 언제든 편하게 마실 수 있는 막걸리다. 열대과일과 잘 어울린다.,충북 청주시 청원구 사천로 18길 5-2
리큐르/기타주류,백운 복분자 와인,11%,"쌀, 토종 복분자과즙","백운 복분자 와인은 쌀을 찐 다음 누룩과 물, 높은 당도의 광양 토종 복분자 과즙을 넣어 저온에서 장기간 발효한 전통주이다. 특유의 저온발효와 냉장 저장고에서 휴면발효 공법을 통해 잡냄새 없다. 여기에 여과 시 자체 개발한 항균포를 활용하여 깔끔한 맛이 자랑한다. 주류품평회에서 매년 수상한 기록을 가지고 있을만큼 복분자주의 대표적인 제품이다.",검붉은 색깔을 가지고 있으며 신선한 과실향이 올라온다. 단맛과 신맛의 조화가 잘 갖춰져 있으며 목넘김 또한 매우 가볍고 깔끔하다. 전체적으로 고소한 맛이 입안을 채운다. 탕수육 등 중국 음식과 잘 어울린다.,전라남도 광양시 옥룡면 신재로 946-18
리큐르/기타주류,메로니아,4%,"쌀, 국, 효모, 젖산, 멜론 향, 물엿 등","메로니아는 막걸리에 멜론특유의 달콤함을 담아 멜론 맛 아이스크림이 그대로 녹아 들어 있는 듯한 탁주이다. 일반적인 과일 막걸리는 살균을 통해 유통기한을 늘리지만, 메로니아는 독특하게 살균을 하지 않은 생 탁주로 생 막걸리 특유의 부드러움과 멜론의 향과 맛이 달콤하게 느껴져 평소 술을 좋아하지 않는 사람도 거리낌없이 즐길 수 있는 술이다.",메론향이 첨가되어 기타주류로 분류되어 있으며 과일맛 막걸리에 맞게 매우 달콤하고 산미가 적으며 탄산에 의한 청량미가 강하다. 마치 메론으로 만든 스파클링 와인을 마시는 듯하다. 식사를 다 한 후에 디저트 술로 좋다.,경기도 화성시 정남면 서봉로 835
리큐르/기타주류,르깔롱,16%,"정제수, 주정, 고과당, 죽력, 메론후레바, 레이지라임, 코코넛향, 윌튼스카이아이싱칼라","르깔롱은 추성주로 22대 대한민국 식명인에 지정된 양대수 명인이 출시한 젊은감각의 전통주이다. 담양대나무죽력과 멜론, 코코넛향 등 첨가물들의 어울림으로 다양한 맛과 향이 있는 조화로운 리큐르주이다. 오렌지주스나 에너지음료 등으로 다양한 칵테일을 만들 수 있는 메인주류로써 풍부한 향과 풍미가 있는 술이다. 국내 클럽에서 주로 판매되는 수입주류를 대체할 수 있는 최초의 클럽용 전통주로써 위축된 전통주 시장을 활성화 시킬수 있는 발판을 마련했다.",맑은 에메랄드 빛깔을 가진 술로 멜론 향기가 진하게 올라온다. 도수가 높지만 단맛이 강해 목넘김이 매우 깔끔하고 입 안에 느껴지는 달콤한 코코넛의 느낌이 술을 계속 마시게 만들어 준다. 아주 차게 마시는 것 보다는 온도가 올라가면서 느껴지는 다양한 향을 즐기면서 마시기 좋은 술이다. 특별한 안주보다는 열대과일과 아주 잘 어울린다.,전남 담양군 용면 추령로 29
리큐르/기타주류,동강더덕주,20%,"더덕, 대추구기자, 감초, 원지","&quot;동강더덕주&quot;는 천혜의 지역 강원도에서 채취한 더덕을 원료로 사용하고 몸에 좋은 대추, 오미자, 감초 등 부재료를 넣어 100일간 빚은 강원도 영월 지역특산주이다. 더덕 한뿌리가 통째로 병에 담겨 있고 은은한 갈색빛을 띄고 있어 보기만해도 건강해질듯한 술이다.",연한 담갈색의 빛깔로 더덕의 향이 은은하게 입안에 감돈다. 집에서 담든 더덕주와는 달리 더덕향과 알코올 도수가 과하지 않게 적절하게 매치되어 가볍게 마실 수 있다. 더덕양념구이와 함께 하면 더욱 좋다.,강원도 영월군 주천면 솔치로 633
리큐르/기타주류,녹천 소곡화주 500ml,41%,"찹쌀, 누룩, 백미, 정제수","한산소곡주는 백제 1500년의 오랜 역사와 전통을 고스란히 담아 전해 내려오는 전통주다. 찹쌀과 누룩을 주원료로 들국화, 메주콩, 생강, 홍 고추 등의 조화 속에 100일간 숙성을 하여 빚어지는 전통주 한산소곡주는 감미로운 향과 특유의 감칠맛 때문에 취하면 자리에서 일어설 줄 모른다고 하여 ‘앉은뱅이 술’이란 이름으로도 불린다. 소곡화주는 한산소곡주를 증류한 프리미엄 소곡주이다.",물처럼 맑고 투명하지만 상압증류기를 이용해 불에 그을린듯한 향이 강하게 올라온다. 알코올 도수에 비해 자극적이지는 않지만 술을 입에 넣으면 입술과 혀를 서서히 자극시킨다. 입 안에 탄 듯한 맛이 남는 것이 강한 남자 같은 술 같다. 전골류와 잘 어울린다.,충남 서천군 한산면 한마로 105
리큐르/기타주류,녹천 소곡화주 480ml,41%,"찹쌀, 누룩, 백미 , 정제수","한산소곡주는 백제 1500년의 오랜 역사와 전통을 고스란히 담아 전해 내려오는 전통주다. 찹쌀과 누룩을 주원료로 들국화, 메주콩, 생강, 홍 고추 등의 조화 속에 100일간 숙성을 하여 빚어지는 전통주 한산소곡주는 감미로운 향과 특유의 감칠맛 때문에 취하면 자리에서 일어설 줄 모른다고 하여 ‘앉은뱅이 술’이란 이름으로도 불린다. 소곡화주는 한산소곡주를 증류한 프리미엄 소곡주이다.",물처럼 맑고 투명하지만 상압증류기를 이용해 불에 그을린듯한 향이 강하게 올라온다. 알코올 도수에 비해 자극적이지는 않지만 술을 입에 넣으면 입술과 혀를 서서히 자극시킨다. 입 안에 탄 듯한 맛이 남는 것이 강한 남자 같은 술 같다. 전골류와 잘 어울린다.,충남 서천군 한산면 한마로 105
리큐르/기타주류,녹고의 눈물,16%,섬오가피,"녹고의 눈물은 5년 이상된 제주도의 섬오가피 뿌리만으로 순수 발효한 오가피 발효주이다. 물, 바람, 불이 만들어 낸 생명의 약초 섬오가피는 제주도의 10대 약용작물 가운데 하나이다. 알코올 도수 16도로 마시기에 부담 없는 술로 감미, 산미, 신미, 청량미가 적절한게 조화를 이루고 부드러운 점성과 바디감을 느낄 수 있다. 최근 애주가들에게 큰 주목을 받고 있는 제품이다.",투명한 갈색빛을 가지고 있으며 산뜻하면서도 고급스런 향기가 은은하게 올라온다. 입에 넣으면 처음에는 산미가 입 전체를 채우고 시간이 지나면서 독특한 쓴맛이 자리를 잡는다. 생선 조림과 잘 어울린다.,제주 제주시 한경면 연명로 372
리큐르/기타주류,경기전,5%,"국내산 보리, 맥아, 호프펠렛, 효모, 정제효소제, 정제수","""경기전""은 수줍은 붉은 빛이 매력적인 술로 국내산 보리 특유의 맛과 향이 그대로 배어 있다. 혀에 닿는 순간 고소한 비스킷의 맛, 그리고 입안에 감기는 허브의 쓴맛과 소나무에서 느껴지는 흙 내음이 조화를 이루고 있다. 제조사 전주술로시티는 3013년 설립 때부터 국산보리를 원료로 사용하여 제품을 생산하였으며 2018년부터는 전북의 무농약 보리를 사용하여 보다 자연친화적이고 맛 있는 술을 생산하고 있다.","홉의 향이 아로마틱하게 올라온다. IPA를 추구한 맛이란 것을 그대로 알 수 있다. 경쾌함이 있는 천연탄산이 있으며, 후미에서 느껴지는 홉의 잔향이 매력적이다. 맥주에 어울리는 모든 안주와 음식궁합이 잘 맞는다.",전북 전주시 완산구 동문길 99
리큐르/기타주류,"동백꽃, 제주",16%,"동백꽃잎, 정제수, 포도당 효모","화학적 색소없이 오직 동백꽃의 붉은 색으로 색을 낸 동백꽃, 제주는 제주 붉은 누룩으로 발효하여 만들었다. 3대째 내려오는 전통방식으로 주정을 전혀 첨가하지 않고 45일동안 자연발효한다. 은은한 자연탄산의 기포를 가졌으며 마치 인삼주같은 쌉싸름한 맛과 달달한 동백꽃 향을 동시에 느낄 수 있다.",흑돼지 갈칫국,제주 제주시 한경면 고산로2길 22-13
리큐르/기타주류,괴산 세종 찰옥수수 전통주,6%,"정제수, 백미, 국, 옥수수분, 전분당, 조제종국, 효모, 조효소제, 치자색소,젖산, 아스파탐, 아세설팜칼륨,허브후레바E, 누룽지향, 구연산","괴산 지역 특산물인 &quot;대학찰옥수수&quot;를 사용해 옥수수의 식이성 섬유질이 다량으로 함유되었다. 쌀, 찰옥수수 밀가루를 배합해 원료를 발효시킨 막걸리형 전통주로, 찰옥수수의 구수하고 부드러운 맛이 은은하게난다. 걸쭉하고 진득한 질감을 가졌지만 부드러운 목 넘김을 가졌다.","연포탕, 해물찜",충북 청주시 청원구 사천로 18길 5-2
리큐르/기타주류,제주몬순커피주,11%,"정제수, 설탕, 커피생두, 효모",제주 화산토에서 직접기른 그린빈과 제주 화산수로 담궜다. 한달 발효 후 화산송이와 함께 한달 간의 숙성과정을 거친다. 볶지 않은 생두 그대로를 사용하여 날카로운 산미강하게 느껴지며 은은한 커피향이 난다. 더치 커피원액과 얼음을 섞어 칵테일로 즐기기 좋다.,"흰살 생선, 초밥",제주 서귀포시 안덕면 사계리 3136
리큐르/기타주류,금과 명주,40%,"사과증류주, 고과당, 사과향, 카라멜",경북 의성 사과와 옹기 항아리를 사용해 사과 브랜디의 깊은 맛과 향을 냈다. 사과의 단맛 속에 숨어있던 쌉싸름한 맛과 상큼함을 느낄 수 있으며 중후한 향이 난다.,"다크초콜릿, 아이스크림",경북 의성군 단촌면 일직점곡로 755
리큐르/기타주류,꿀샘 16,16%,"정제수, 주정, 설탕, 천연꿀, 생강, 구연산","천연 벌꿀을 넣어 만든 꿀 리큐르로, 적당한 단맛과 향긋한 벌꿀향이 난다. 생강을 침출해 넣어 맛의 단조로움을 없앴다. 도수에 비해 목넘김이 부드럽고 은은하다.","과일샐러드, 가래떡",경기도 용인시 처인구 양지면 죽양대로 2298-1
리큐르/기타주류,커피와인 톡시(중복-증류주),11%,커피생두 발효액,그린빈(커피생두)을 발효시켜 만든 커피와인이다. 제주 화산송이로 숙성하여 목넘김이 부드럽고 커피의 향과 와인맛을 동시에 느낄 수 있다.,"크래커, 치즈, 다크초콜렛",제주 서귀포시 안덕면 사계리 3136
리큐르/기타주류,아이엠더문,17%,"쌀증류식소주원액(유기농쌀100%), 주정, 정제수, 과실농축액(국내산-사과,포도,딸기,오렌지,망고) 등","리큐르 개발을 목표에 두고 새로운 경험을 할 수 있도록 섬세하게 기획하여, 과일향과 맛이 최대한 인공적으로 느껴지지 않도록 재료를 아끼지 않았으며, 유기농쌀 100%를 사용한 증류식소주원액을 바탕으로 만들어 낸 정성이 담긴 술이다. 17%의 도수를 가지고 있지만, 달콤하고 향기로운 과일향과 플레이버를 특징으로 가지고 있어, 술을 잘 마시지 못하는 분들도 충분히 가볍게 즐길 수 있는 쥬시한 느낌이 있어 깔끔하고 상쾌한 맛을 가지고 있다.",홈파티 술인 만큼 얼음과 같이 언더락으로 시원하게 즐겨도 좋다. 또 탄산수에 자몽과 같은 쌉쌀한 맛을 풍기는 과일즙을 넣고 칵테일로 즐겨도 좋겠다,충북 청주시 청원구 사천로 18길 5-2
리큐르/기타주류,홍삼명주,14%,홍삼(국내산),"홍삼명주는 대한민국 대표브랜드 홍삼을 발효시킨 건강한 뿌리 발효주입니다. 충북 괴산 지역특산주 홍삼명주는 4~5년동안 재배한 인삼을 3년 이상 발효, 숙성된 원액으로 긴 기다림으로 탄생됩니다. 홍삼명주는 맛을 내기 위해 첨가물을 넣지 않고 토양의 맛을 그대로 표현합니다. 또한 유통기한이 없고 산화되지 않으며 홍삼을 별도로 섭취하지 않아도 됩니다.홍삼의 토질을 그대로 느껴보시길 바랍니다.","참치, 삼겹살, 목살, 양꼬치, 장어, 백숙 등",충북 괴산군 청천면 도경로 640
리큐르/기타주류,티나(TINA),16%,딸기(국내산),당도와 고품질딸기로 유명한 담양딸기를 주원료로 주류에 한해 첨가할 수 있도록 특허가 난 대나무죽력이 첨가된 리큐르주로서 딸기 특유의 달달한 맛과 상큼한 향을 느낄 수 있습니다. 원주자체음용에도 크게 거부감이 없으면서도 칵테일 기본 베이스로도 활용할 수 있습니다.,,전남 담양군 용면 추령로 29
리큐르/기타주류,허니문,8%,벌꿀(국내산),"인류 최초의 술, 미드는 당분 함량이 높고 알코올 발효가 가능한 벌꿀을 주재료로 만들어 먹던 발효주다. 신혼부부들은 다산과 행복을 기원하며 한 달 동안 달콤한 허니와인을 마셨는데, 오늘날 허니문 ( Honeymoon )이 여기에서 유래됐다.
허니문와인은 무려 8,000년의 역사와 전통을 자랑하는 스테디셀러이며, 우리나라 소비자들에게 딱 맞는 주종이다.
달콤한 맛과 향을 단 한 번이라도 경험한 이들이라면 틀림없이 푹 빠져들어 다시 찾게 되는 특별한 술이다","꿀 고유의 효능으로 한식, 양식, 일식, 중식을 비롯한 분식, 패스트푸드, 쿠키 등 각종 다양한 음식에 감칠맛을 더해준다.",경기도 양평군 강하면 왕창부로길 110
리큐르/기타주류,허니비,8%,벌꿀(국내산),"2009년경,벌꿀 풍년이 들어 양봉 농가 창고마다 꿀이 쌓여 있었다. 재고량이 어림잡아도 10,000드럼 이상.
이 꿀을 다 어떻게 팔아야 할까? 고민하던 중에 문득 술을 떠올리게 된 양봉인 양경열 회장은, 유럽에서 식전주로 널리 애용되는 미드처럼 우리 벌꿀로 술을 만들어 판매하면 소비 확대에 도움이 되지 않을까 하는 생각에 그날부터 술을 담그기 시작했다.
그렇게 연구한 허니와인(허니비와인)은 국내 최초 발효주 ( MEAD )를 상용화한 전통주 방식의 와인이 되었고, 허니문 와인의 모태가 되었다.","꿀 고유의 효능으로 한식, 양식, 일식, 중식을 비롯한 분식, 패스트푸드, 쿠키 등 각종 다양한 음식에 감칠맛을 더해준다.",경기도 양평군 강하면 왕창부로길 110
리큐르/기타주류,공주알밤 왕밤주,6%,"공주밤(국내산), 백미(국내산), 아스파탐",공주알밤 왕밤주는 공주 알밤을 볶아서 빚은 후 저온에서 발효했다. 순하고 부드러운 맛이 일품이며 구수한 알밤맛과 부드러운 목 넘김이 특징이다. 곡물의 달달함과 고소함이 잘 어우러지며 고소한 군밤향이 오래 남는다.,"잘 익은 밤에서 느껴지는 특유의 고소한 밤향이 특징이다. 구운 밤하고도 잘 어울리며, 지역의 유명 음식인 공주국밥하고도 좋은 매칭이다.",충남 공주시 사곡면 마곡사로 49
리큐르/기타주류,한비 유자술,35%,"쌀(국내산), 유자(국내산)",제천한약영농조합법인의 한비 유자술은 국내산 쌀과 오가피를 주재료로 빚는다. 전통기법으로 쌀을 발효시킨 후 증류한 곡주를 유자와 함께 숙성했다. 한비 유자술은 국내산 약재에서 우러나온 깊은 맛과 유자의 향긋함이 잘 어우러져 그윽한 맛이 특징이며 부담없이 가볍게 즐기기 좋다.,,충북 제천시 봉양읍 원박리 276
리큐르/기타주류,술샘19,19%,"주정, 증류식소주, 정백당, 생강, 강황(국내산)",술샘19는 투명하면서 아름다운 레몬 빛깔로 눈을 즐겁게 하며 한 모금 마셨을 때 입안에 가득 퍼지는 강황의 향과 맛이 일품이다. 국내산 강황을 증류주에 침출하여 향이 살아있게 만들었다. 은은하게 퍼지는 특유의 향과 맛이 특징이다.,,경기도 용인시 처인구 양지면 죽양대로 2298-1
리큐르/기타주류,술샘16,16%,"쌀(국내산), 오미자(국내산), 주정, 정백당","술샘16은 국내산 오미자 100%를 증류주에 침출하여 향이 살아있게 만든 술이다. 오미자 특유의 5가지(단맛, 신맛, 쓴맛, 매운맛, 짠맛) 신비한 맛을 그대로 느낄 수 있다.","파티음식, 샐러드, 육류 및 치즈, 해산물과 잘 어울린다.",경기도 용인시 처인구 양지면 죽양대로 2298-1
리큐르/기타주류,호담 300ml,20%,"산양산삼, 정제수, 주정","""호담 300ml""은 경기도 청정지역의 5년근 산양산삼으로 제조하여 1뿌리가 통째로 들어있는 프리미엄 리큐르이다. ""대농바이오 우리산삼""의 50여 조합원이 200만평 면적에서 직접 재배한 산양산삼과 국내산쌀을 사용하여 빚은 술이다.",닭백숙,경기도 광주시 퇴촌면 천진암로 684
리큐르/기타주류,진쾌남,25%,"국내산 쌀, 밤, 누룩, 구기자, 오미자, 산수유, 오가피, 동충하초, 정제수","""진쾌남""은 공주산 밤에 국내산 백미로 빚은 국내에서 최초로 생산된 밤 증류주이다. 오미자, 산수유, 오가피, 구기자, 동충하초, 토사자, 벌꿀 등 몸에 이로운 약재가 들어간 제품으로 진한 맛과 향이 일품이다. 프리미엄 증류주 답게 알코올 도수는 높으나 부드러운 맛을 간직하고 있다. ""진쾌남""은 알코올 도수 40% 제품(공주밤 31% 함유)과 25% 제품(공주밤 23% 함유)이 출시되고 있다. 증류주에 다양한 약재가 들어가 있는 제품으로 구기자, 오미자, 산수유, 오가피 등의 복잡한 약재의 향이 매우 풍만하게 올라온다. 입 안에 단맛과 쓴맛이 교차하고 25%의 고도주이나 목 넘김이 깔끔하다.",삼계탕 등 보양음식,충남 공주시 사곡면 마곡사로 49
리큐르/기타주류,한비 무병장수술,35%,"국내산쌀, 흑삼, 인삼, 오가피, 오미자, 구기자, 복분자, 차전자, 토사자, 산수유","""한비 무병장수술""은 국내산 쌀을 발효하여 흑삼, 인삼, 오가피, 오미자, 구기자, 복분자, 차전자, 토사자, 산수유를 첨가하여 숙성시킨 전통주이다. 몸에 좋은 한약재가 가득 담긴 ""한비 무병장수술""은 건강하게 마실 수 있는 기능성 술이다. 인공첨가물을 넣지 않고 전통기법으로 제조하여 알코올 도수 35%의 고도주이나 부드럽게 마실 수 있다.","증류주에 복분자, 오미자 등 다양한 약재가 들어가 짙은 호박색을 가지고 있으며 복잡한 약재의 향이 매우 풍만하게 올라온다. 도수에 비해 매우 부드러우며 혀에 남는 약재의 쓴맛이 마치 약을 마시는 듯하다. 추어탕과 잘 어울린다.",충북 제천시 봉양읍 원박리 276
리큐르/기타주류,한비 동충하초술,35%,"국내산 쌀, 누룩, 가시오가피 뿌리, 동충하초, 정제수","""한비 동충하초술""은 국내산 쌀을 발효하여 증류한 후 10년생 친환경 가시오가피 뿌리와 동충하초와 감초를 함께 숙성시킨 전통주이다. 재료로 쓰이는 오가피는 국내에서 유일하게 농산물우수관리인증(GAP)을 받은 것으로 중국산 오가피에 비해 약효성분이 6배나 더 함유하고 있으며, 동충하초는 고가의 약용버섯으로 몸에 좋은 다양성 성분을 함유하고 있다. 인공첨가물을 넣지 않고 전통기법으로 제조하여 알코올 도수 35%의 고도주이나 부드럽게 마실 수 있다.","증류주와 동충하초가 잘 어우러진 리큐르로 연한 호박색을 가지고 있으며, 향은 산뜻하면서도 오크통에 숙성된 훈연 된 나무 향이 매력적이다. 입 안에 퍼지는 산뜻함과 단맛, 부드러움이 잘 갖춰진 술이다. 삼계탕과 잘 어울린다.",충북 제천시 봉양읍 원박리 276
리큐르/기타주류,애피소드호프,3.5%,"사과과즙, 보리, 쌀, 홉",&quot;애피소드 호프&quot;는 한국애플리즈에서 2030대 젊은 층을 위해 출시한 LTD 제품이다. 애플사이다에 맥주의 풍미를 느낄 수 있는 홉을 가미한 제품으로 색다른 맛을 느낄 수 있는 제품으로 젊은층에게 호응을 얻고 있다. 달콤새콤한 사과향과 은근한 맥주향이 어우러진 제품으로 이국적인 맛을 선사한다.,"사과가 주는 청량함과 홉이 주는 향긋함이 그대로 살아있는 경쾌함이 살아 있는 애플 사이다이다. 홉이 주는 아로마와 탄산이 주는 청량감으로 치킨 및 닭강정, 튀김류와도 상당히 잘 맞는다.",경북 의성군 단촌면 일직점곡로 755
리큐르/기타주류,과하주23,23%,쌀 100%,"400여 년 전 임진왜란(1592년)때 명나라의 원병장 이여송이 김천을 지날 때 그 샘물 맛을 보고 중국 금릉의 과하천의 물맛과 같다고 칭송하여 이때부터 이 샘을 과하천이라 부르게 되었고, 그 샘물로 빚은 술을 과하주라 하였다. 이후 과하주가 한양까지 알려져 임금께 진상하였으며 김천을 대표하는 전통명주로 전례되어 일본에까지 널리 알려졌다고 한다. 광복 후에는 지역특산물로 가내양조 규모로 명맥을 유지하다 6.25 전쟁 후 자취를 감추었다. 그러다 1984년 당시 김천문화원장 송재성이 과하주의 복원에 성공하여 지금에 이르렀다. 김천 과하주는 경북 김천의 맑은 샘물과 토종 멥쌀 그리고 엄선한 곡자원료를 사용하여 전통비법으로 저온 장기발효를 통해 숙성된 술이다. 투명한 황갈색에 고유한 감미와 산미가 있다. 한 여름에도 술맛의 변화가 없고 차게해서 마시면 더욱 좋아 오래전 궁중과 사대부집 등 상류층이 즐기던 고급술이다.",매운탕,경북 김천시 대항면 향천리 79101
리큐르/기타주류,매아랑,10.7%,국내산 매실,"매아랑은 경남 하동군의 지리산 자락, 해발 400m청정지역에서 황매실을 발효시켜 만들었다. 당분 및 매실향이 최고조인 황매실로 방부제를 첨가하지 않고 빚어 뒷맛이 깔끔하고 부드러운 스위트타입의 매실와인이다. 황금빛의 영롱한 색은 어떠한 분위기에서도 잘 어울리며 피로회복, 소화개선, 변비개선, 피부미용 등에 좋은 매실의 효능도 느낄 수 있다.","오징어, 조갯살 등을 넣은 해물파전과 함께 마시면 매실와인의 산뜻한 맛이 돋보인다.",경남 하동군 옥종면 궁항길 286-105
리큐르/기타주류,제주감귤주 귤로만,7%,감귤원액(제주),"감귤로 착색, 착향시켜 만든 과실주가 아닌 오로지 감귤만을 이용하여 술을 빚은 과실주로 ‘귤로만’이란 이름을 붙였다. 자연이 준 제주의 맑은 공기와 기름진 토양에서 자란 제주산 감귤만을 100% 사용하여 청정 제주의 물로 발효시킨 탁주이다. 순수100% 제주도산 감귤과즙으로만 발효하여 감귤의 비타민A, 비타민C, 구연산, 칼슘, 칼륨 등이 풍부하며 껍질까지 통째로 갈아 탁주효모로 발효시켜 새콤달콤하면서 쌉싸름한 맛을 낸다.","제주 감귤주를 마실 때 삼겹살을 노릇노릇 구워 같이 먹으면, 감귤의 진한향이 고기의 냄새를 없애주고, 상큼한 맛이 삼겹살의 느끼함도 사라지게 해주어서 좋다.",제주 제주시 애월읍 용흥7길 23 제주와이너리
리큐르/기타주류,산내울 오미자주,16%,"오미자, 설탕, 주정, 정제수, 과당","거창 산내울 오미자주는 해발 600ｍ 이상 고지대에서 자란 청정 오미자를 원료로 사용한다. 고지대로 병충해가 거의 없어 농약을 치지 않고 재배한다. 주원료인 오미자는 단맛, 신맛, 매운맛, 쓴맛, 짠맛 등 5가지 맛을 지닌 약재로 항산화 기능이 뛰어난 ‘안토시아닌’ 물질이 많아 피부미용, 노화방지, 골다공증 예방에 효과가 있다. 산내울 오미자주는 오미자의 다섯 가지 맛과 향을 살려 풍부한 과일향이 스르르 혀끝에 스며들고, 쌉쌀하면서도 깔끔하고 개운한 뒷맛이 특징이다.","색이 아름다운 산내울 오미자주는 생선 회, 편육 냉채 등과 잘 어울린다.",충남 예산군 고덕면 대몽로 107-25
리큐르/기타주류,백운복분자주,13%,"국내산 쌀, 국내산 복분자","복분자는 본초강목, 동의보감 등 문헌에 기운을 돕고 피로를 풀어 몸을 가볍게 한다고 되어 있다. 쌀을 찐 다음 누룩과 물, 복분자과즙을 넣고 저온장기발효와 냉장저장고에서의 휴면발효공법으로 제조하여 잡냄새가 없고 여과 시 자체 개발된 항균포를 사용하여 깔끔한 맛이 특징이다.","낙지볶음, 해물찜낙지는 쓰러진 소에게 먹이면 벌떡 일어난다는 옛말처럼 보양 음식으로 좋다. 기운을 돕고 피로를 풀어주는 복분자주에 해산물 요리를 안주로 하면 건강식으로도 그만이다. 해물찜은 각종 해산물과 야채를 양념한 음식으로 매콤한 양념 맛을 달콤한 복분자주가 중화시켜 주어 궁합이 잘 맞는다.",전남 광양시 옥룡면 죽천리 715-1
리큐르/기타주류,주몽복분자주,16%,"국내산 쌀, 국내산 복분자","1995년 국세청 기술연구소 제조방법 특허를 이용 순수발효방법으로 참 복분자주를 개발하였고, 2006년 8월 맛과 주질을 향상시켜 주몽복분자주 브랜드로 출시하였다. 주정을 첨가하지 않고 100% 복분자로 발효한 약주를 블렌딩하여 맛이 부드러우며 복분자의 향과 발효 누룩의 향이 조화롭게 어우러져 있어 끝 맛까지 향기로운 복분자주이다.","육류소금구이  양념에 재우지 않은 생고기를 달군 불판에 바로 익혀 먹으면 육류의 담백한 맛을 느낄 수 있어서 좋은데, 고기 육즙에서 배어나오는 잡내와 느끼함을 복분자주의 달콤함과 과일향의 뒷맛이 깔끔하게 잡아준다.",전북 남원시 시묘길 130(오암동)
리큐르/기타주류,매실탁테일,7%,"국내산 백미, 매실천연과즙","탁주(막걸리)와 과실을 이용한 칵테일,제품명 탁테일은 2011년 식품 트렌드에 맞춰 소재(매실)와 색상(초록색)을 중심으로 한 제품의 하나이다. 매실을 전분질 원료대비 20%이상 넣어 본연의 특성을 살린 천연과실탁주이며, 배혜정도가 제품특유의 깔끔한 목 넘김에 과실본연의 풍미를 끌어올려 눈과 코, 입이 모두 즐거운 제품이다.","연어샐러드  연어샐러드는 가벼운 와인안주로 많이 선호하는 음식인데, 연어에 신선한 채소를 곁들인 연어샐러드는 천연과실탁주인 매실탁테일의 깔끔한 풍미를 느끼기에 충분한 안주가 된다.",경기도 화성시 정남면 서봉로 835
리큐르/기타주류,이담,55%,"국내산 쌀, 국내산 배","이담(梨 )은 국내산 쌀과 배를 이용하여 정성스레 담가 증류하여 장기간 숙성한 55도의 고도주이다. 배의 향과 맛을 느낄 수 있으며, 자칫 날카로워질 수 있는 고도주의 풍미를 부드럽게 감싸주고, 한결 은은하면서도 그윽이 퍼지는 배의 향으로 고도주의 증류주를 편안히 즐길 수 있다.",꽃등심구이고기의 결이 부드럽고 연한 꽃등심구이는 맛이 담백하고 고소한데 고도주인 이담의 날카로운 첫맛을 부드럽게 해주고 음식에 양념이 없으므로 이담 본연의 술맛을 즐기기에 좋은 음식이다.,경기도 화성시 정남면 서봉로 835
리큐르/기타주류,허니와인,8%,국내산 벌꿀,"북유럽과 그리스 신화의 신들은 영생의 음료로 꿀을 발효시켜 빚은 허니와인 미드를 마셨다고 한다. 허니와인 미드는 최음효과와 정력, 다산력을 증진시킨다고 여겨져 결혼식을 마친 부부가 한 달 동안 매일 마셨다고 한다. 허니와인은 양평의 맑은 물과 양봉 농가가 직접 채취한 100% 국내산벌꿀로만 빚은 술로 어떤 첨가제나 향신료도 첨가하지 않아 은은하게 꿀향이 살아있고 부드럽게 넘어가며 뒷맛의 여운이 오래간다. 8%의 스위트와인이라 술을 잘하지 못하는 이들도 비교적 부담이 적다. 식사 전 식전주로 마시면 음식의 맛을 살려주고, 후식으로 마시면 음식의 잡냄새를 없애줄 뿐만 아니라 입안에 풍부한 꿀 향까지 돌아 달콤한 향의 여운이 마음까지 행복하게 만든다.","해물파스타, 베이컨 버섯말이  각종 해물과 다양한야채로 만드는 해물파스타는 허니와인의 맛을 살려주는 술안주로 제격이다. 베이컨위에 버섯을 올려 돌돌 말아 구워낸 베이컨버섯말이 역시 어울리며 허니와인을 시원하게 마시면 더욱 풍미가 좋다.",경기도 양평군 강하면 왕창부로길 110
리큐르/기타주류,SSOA-포도,5%,국내산 포도,포도주를 이용한 특유한 스파클링와인으로서 우수한 포천포도를 와인으로 제조하여 뛰어난 맛과 향을 느낄 수 있으며 탄산의 시원함을 동시에 느낄 수 있고 목넘김이 아주 좋은 것이 특징이다.,"피자, 치킨남녀노소 누구나 할 것 없이 좋아하는 대표음식인 피자와 치킨에 SSOA-포도를 겸하면 톡 쏘는 탄산과 스파클링의 조화가 아주 잘 어울리며 자칫 느끼할 수 있는 피자, 치킨의 기름진 맛을 포도의 상큼함이 깔끔하게 만들어 준다.",경기 포천시 화현면 화동로 432번길 12
리큐르/기타주류,나 와인,10%,국내산 찹쌀 100%,"나와인은 비타민E가 풍부해서 항산화작용이 있으며 국내산찹쌀 100%와 지하암반수를 사용하여 무살균, 무첨가, 무방부로 제조한다. 찹쌀의 영양소가 그대로 살아 숨 쉬는 발효주로 최초 발명특허 등록된 효소를 제조공정에 응용함으로써 자연탄산이 생성되어 목 넘김이 부드럽고 맛이 상쾌하다.","주꾸미 참나물무침  끓는 물에 데친 주꾸미와 참나물을 새콤달콤하게 무치면 향긋하고 쌉싸름한 주꾸미참나물무침이 된다. 나물의 고유한 맛도 살리고, 주꾸미로 단백질도 보충할 수 있으며 나와인의 청량감으로 맛도 살릴 수 있다.",경북 문경시 영순면 영순로 645
리큐르/기타주류,라이코펜 토마토와인,12%,국내산 토마토,"대구시 달성군은 예로부터 토마토생산지로 유명하며 토마토는 장기보관이 어려워 홍수출하로 가격이 폭락하여 농민들이 큰 피해를 보는 경우가 많은데, 이에 농촌진흥청과 대구시, 달성군농업기술센터와 계명대식품공학과가 협력하여 세계최초로 토마토와인을 생산하여 특허출원하였다. 신의 선물이라 불리는 토마토와 신의 물방울인 와인의 만남으로 더욱 특별하며 대구달성군에서 생산된 100% 토마토과육을 분쇄· 발효· 숙성시켜 토마토고유의 맛과 풍미가 살아 있다. 달콤하고 부드러운 스위트타입과 쌉쌀한 맛의 드라이타입이 있다.","골뱅이의 쫄깃한 식감과 매콤새콤한 맛이 토마토와인의풍미를올려주며,토마토고유의진한향이길게여운을남겨입안을깔끔하게해준다.",
리큐르/기타주류,불소곡주,43%,"찹쌀, 국내산 멥쌀","백제의 1500년 전통이 깃든 한산소곡주는 찹쌀과 누룩을 주원료로 들국화, 메주콩, 생강, 홍고추 등의 웰빙원료의 오묘한 조화 속에 100일간 숙성 후 이를 증류하여 고도주로 빚어내 오래두고 마실 수 있게 한술이다.","수육  삶은 돼지고기는 기름기가 빠져 담백하게 먹을 수 있고, 소곡주의 깊은 맛의 여운을 즐기기에 좋다",충남 서천군 한산면 충절로 1118
리큐르/기타주류,한비오가피술골드,35%,"국내산 쌀, 국내산 오가피",전통방법으로 국내산 쌀 100%를 발효시켜 감압증류방식으로 증류·탈취·탈색·여과하고 GAP인증을 받은 국내산 오가피를 침출시켜 리큐르주를 만들고 저장 및 발효시켜 생산한다. 순하고 부드러운 우리 고유의 참맛을 즐길 수 있는 술이다.,참치회 새싹채소무침  참치회를 새싹채소와 함께 초고추장에 버무려 새콤달콤하게 만들어 먹으면 오가피술골드의 순하고 부드러운 맛을 한층 돋보이게 해준다.,충북 제천시 봉양읍 원박리 276
리큐르/기타주류,송화백일주,38%,"송화, 솔잎, 산수유, 오미자, 구기자","솔향이 풍부하며 입안에 풍미가 뛰어나고, 여운이 은은하게 오래도록 유지된다. 송화, 솔잎, 산수유, 오미자, 구기자 등의 천연재료를 사용하여 장기 숙성 후 출시한다. 솔향이 안정적으로 잘 잡혀있으며 장미향수가 장미향보다 더 진한 것처럼 송화백일주의 향은 솔향보다 더 짙다.",취나물  취나물은 알칼리성식품으로 나트륨을 배출하는 작용을 하여 몸속에 나트륨을 조절해주는 역할도 한다. 입안에 은은하게 퍼지는 송화백일주 한잔에 나물안주의 소박함이 정겹다.,전북 완주군 구이면 구이로 1096
리큐르/기타주류,"진도홍주 아라리35%, 루비콘40%","35%  
							 
								 40%","국내산 쌀, 국내산 지초","홍국으로 제조된 원나라의 홍주가 우리나라에 전해진 이후 고려시대 말부터 국내에서 제조되어 홍노라고 했으며, 홍국대신 지초를 사용한 홍색가향약용주인 지초주(芝草酒)에서 유래하였다. 1200년 전통의 순곡민속주이자 진도군수 인증제품인 진도홍주는 진도의 3보(진돗개, 구기자, 미역), 3락(진도홍주, 민요, 서화)중 하나로 쌀과 산삼에 버금가는 약효를 가진 야생지초와 만나 미(味), 향(香), 색(色)을 고루 갖춘 고품격명주이다. 보리와 쌀, 누룩이 갖는 향과 맛을 최대한 살린 원주에 지초를 적당량 용출하여 아름다운 붉은색과 독특한 향, 색다른 맛을 보여준다.","채소스틱, 돼지고기 샤브샤브  채소는 된장에 땅콩버터와 마요네즈, 올리고당을 넣어 만든 소스에 찍어 먹으면 의외로 잘 어울린다. 돼지고기 샤브샤브는 돼지고기 안심을 얇게 준비해 데친 뒤 찬물에 넣어 식혀서 먹는 음식으로 감칠맛 나는 안주에 진도홍주의 향과 맛을 깔끔하게 느낄 수 있어서 좋다.",전남 진도군 군내면 둔전리 98
리큐르/기타주류,담솔,40%,"백미(함양산) 90%, 솔잎·송순(함양산) 10%",조선시대 성리학의 대가이며 동방오현의 하나인 문헌공 일두 정여창선생의 집안에서 530여 년 동안 내려오는 사대부집안의 전통명주로서 그동안 문중의 경조사와 가객접대용으로 사용된 것을 현대적 양조기술로 재탄생 시켰다. 담솔은 저온 숙성시켜 그 부드러움과 감미로움을 이끌어낸 뒤 꿀로 뒷맛을 잡아낸 고급증류주이다. 40도의 고도주임에도 목 넘김이 굉장히 부드러우며 시원하게 마셔야 제대로 된맛을 느낄 수 있다.,"삼겹살 구이, 돼지양념 단호박찜  돼지양념단호박찜은 양념한 돼지고기를 익힌 후 속을 파낸 단호박에 넣고 찜솥에서 찌는 음식인데 삼겹살구이 등 고기 한 점을 먹고 담솔 한잔을 머금으면 솔향기와 담솔의 쌉싸름 한끝 맛에 의해 고기의 텁텁함이 사라진다.",경남 함양군 지곡면 지곡창촌길3
리큐르/기타주류,매실원주 허니,"13%  
							 
								 15%  
							 
								 20%","국내산 황매  80%, 청매20%","한씨 집안에서 선대로부터 내려오는 황매실에 천연꿀을 가미하여 담근 전통매실주로 매실원주는 보다 완숙한 상태에서 7월경 수확되는 황매를 이용한다. 황매는 청매에 비하여 고가인 단점이 있으나 향미가 뛰어나 최상의 원료로 최상의 제품을 만든다는 제품철학으로 황매를 이용하고 있다. (황매80%,청매20%) 매실주는 자체당분만으로 양조가 어려운 과실이기에 인위적으로 당을 첨가하여 양조하여 리큐르로 제조한다. 좋은 술을 만들겠다는 고집으로 1년 이상 숙성한 100% 매실주원액만을 사용하고 설탕대신 제주도산 천연꿀을 가미하여 다른 매실주에서 느낄 수 없는 매실 본연의 진한 풍미를 느낄 수 있다.",수육  매실원주 허니 특유의 매실향이 강하고 깔끔해 수육의 누린내를 제거해주며 매실이 수육의 소화를 돕기 때문에 서로 잘 어울린다.,서울시 은평구 증산로7길 28-13
리큐르/기타주류,산삼가득 명술,20%,"국내산 주정, 국내산 산양산삼 5년근","경기도 농업기술원과 대농바이오영농조합법인(우리산삼)이 공동 개발한 술로 5년근 국내산산양산삼을 그대로 숙성시켜 잎과 뿌리가 달린 한 채가 통째로 병에 들어 있다. 산양산삼의 그윽한 향과 맛, 마이크로웨이브 특허기술을 적용하여 사포닌함량이 증진된 고급 산양산삼주이다.",생선전  산삼가득주를 마실 때 생선회를 자극성이 강한 야채와 함께 쌈으로 먹는 것이 아니라 고추냉이와 함께 깔끔하게 먹으면 그윽한 산삼의 향과 부드러운 목 넘김을 잘 느낄 수 있다.,경기도 광주시 퇴촌면 천진암로 684
리큐르/기타주류,오매락퍽,40%,국내산 배증류원액,‘오매락’은 매실을 뜻하는 ‘오매’와 증류주를 의미하는 ‘아락’의 합성어다. 최고의 맛과 품질을 위해 꿀배로 유명한 전라남도 나주배 증류원액과 청매실로 빚어 황토로 구운 토기 안에 담아 만든 프리미엄전통주다. 내장된 나무망치로 토기를 깨뜨려 술을 꺼내는 참신하고 독특한 디자인이 특징이다. 토기를 깨는 것은 새로운 시작과 성장을 축하하는 의미를 담아냈다. 토기를 깨는 순간의 유쾌한 소리와 손맛은 특별한 날에 어울리는 색 다른 즐거움을 선사한다. 오매락퍽은 언더락스로 마시면 더욱 좋다.,"닭고기  오매락퍽속에 함유된 매실은 다양한 유기산을 함유해 닭고기와 같은 고단백, 고열량음식과 먹으면 배탈을 예방하고 소화에도 도움이 된다.",경기도 포천시 화현면 화현리 512
리큐르/기타주류,원매 프리미엄,20%,국내산 황매실,원매프리미엄은 보다 완숙한 상태에서 7월경 수확되는 황매 100%를 이용한다. 황매는 청매에 비하여 고가인 단점이 있으나 향미가 뛰어나 최상의 원료로 최상의 제품을 만든다는 제품철학으로 황매를 이용하고 있다. 매실주는 자체 당분만으로 양조가 어려운 과실이기에 인위적으로 당을 첨가하여 양조하여 리큐르로 만들어진다. 좋은 술을 만들겠다는 고집으로 1년 이상 숙성한 100% 매실주원액만을 사용하고 설탕대신 제주도산 천연꿀을 가미하여 다른 매실주에서 느낄 수 없는 매실본연의 진한 풍미를 느낄 수 있다.,"생선회, 초밥  생선회는 단백질식품이므로 전분식품보다 술에 취하는 정도를 완화시키고 다음날 숙취를 줄이는 효과가 있다. 매실본연의 향과 진한풍미가 생선의 비린 냄새를 제거해주어 생선회에 잘 어울린다.",서울시 은평구 증산로7길 28-13
리큐르/기타주류,배도가 심플리 애플,12%,"정제수, 사과즙(국산), 쌀(국산), 벌꿀(국산), 천연향료(사과향), 구연산, 국, 효모, 비타민C, 밀함유",소주 특유의 향미에 신선한 사과즙의 싱싱함과 상큼함을 벌꿀의 달콤함으로 감싸 안은 제품으로 고도주의 소주가 부담스러운 분들도 편안하게 즐기실 수 있도록 시중에서 판매되는 대부분의 와인들과 같은 도수인 12도로 개발한 술이다.,"광어회, 냉채족발, 참소라",경기도 화성시 정남면 서봉로 835
리큐르/기타주류,볼빨간미자,16%,"물, 주정, 정백당, 오미자(국내산)",아름다운 붉은 빛깔로 한 모금 마셨을때 퍼지는 오미자향과 맛이 일품이다. 5가지 맛의 국내산 오미자를 그대로 담아낸 프리미엄 리큐르이다.,,경기도 용인시 처인구 양지면 죽양대로 2298-1
리큐르/기타주류,인어교주해적술,15%,"정제수, 증류원액(쌀, 국내산), 포도당, 포도과육(국내산), 효소처리스테비아, 포도향(합성향료), 구연산(산도조절제), 진주빛색소, 식용색소청색 제 1호(착색료), 이산화탄소","신선한 포도의 새콤한 신맛과 달달함이 톡! 쏘는 탄산과 어우러져 바다의 청량함을 느낄 수 있는 리큐르주이다. 홈술이나 홈파티, 홈바로 가볍게 즐기기 좋으며, 소중한 기념일이나 특별한 날을 위한 이벤트주로도 아주 좋다.","가벼운 안주류(치즈,견과류, 샐러드 등), 기름진 음식(피자, 파스타, 스테이크 등)",경북 영덕군 강구면 소월1길 16-10
리큐르/기타주류,뱁새,23%,"쌀, 찹쌀, 모싯잎, 생강, 구절초","프리미엄 소주 ‘뱁새’는 이쁜꽃양조장과 옥순가 양조장이 함께 만든, 기존 출시했던 16도 약주 ‘황새’를 증류한 하이볼 전용 소주다. 입안을 쪼이는 응축된 맛이 나고, 탄산수에 풀어 맛을 펼치면 달지 않은 식혜와 몸을 은근히 달아오르게 만드는 생강, 솔잎 향으로 마무리된다.",고기와 기름진 음식과 잘 어울린다.,서울시 중구 퇴계로197 충무빌딩 206호
리큐르/기타주류,행복한 상상 쵸코맛,15%,"정제수, 정수, 사과(국내산), 복숭아(국내산), 포도과육,(국내산), 카카오","전통주에서 흠히 느껴보실 수 있는 과실주와는 달리 지금까지 느껴본적없는 초코의맛이 나는 전통주, 달달하면서 부드러운 맛에 초코라는 호불호 없는 제료로 빚은 세련된 우리 전통주이다.","케이크, 스무디 같은 달달한 디져트와 곁들으면 잘 어울린다.",경북 영덕군 강구면 소월1길 16-10
리큐르/기타주류,밀담40,40%,"단수수(국내산)증류원액, 정제수",국내 청정지역에서 재배한 국내산 단수수대를 착즙하여 발효 및 세 번 증류 등의 공정을 거쳐 탄생한 단수수 증류주이다. 단수수 특유의 단향은 은은하게 발현하며 맑은 빛깔처럼 뒤끝 없이 깔끔한 맛을 내는 것이 특징이다.,"육류 등 기름진 음식과 강한 양념을 사용한 음식에 더해 마시면 강한 양념과 기름을 깔끔하게 씻겨주어 궁합이 좋다. 가볍게는 초콜릿, 마카롱 등 디저트와도 잘 어울리며, 하이볼로 즐긴다면 흑돼지 삼겹살, 항정살 구이, 갈비찜 등과 잘 어울린다.",경북 예천군 용문면 복천길 16-8
리큐르/기타주류,여유25,25%,"증류원액(쌀 국내산 100%), 정제수","양촌 여유 소주는 1956년, 양촌양조장에서 ‘송광소주’으로 출시했던 전통 방식의 소주를 시대에 맞게 복원한 프리미엄 증류식 전통 소주이다. 부드러운 쌀 향미가 매력적이며, 타격감 있는 목 넘김이 있다. 알콜 향과 부드러운 쌀 향이 어우러져 알싸하면서도 고소한 맛이 취향적이다.","다양한 육류 및 해산물과의 조합도 잘 어울리겠지만, 강경과 가까운 지역인 만큼 다양한 젓갈류가 잘 어울린다.",충남 논산시 양촌면 매죽헌로 1665번길 14-7
리큐르/기타주류,일오백골드,43%,"찹쌀(국내산), 백미(국내산), 누룩(밀:국내산), 정제수, 꿀, 들국화, 생지황, 메주콩, 홍고추","일오백 골드는 오랜 숙성을 거쳐 1500년 비법의 전통방식으로 증류한 술이다. 천연수와 찹쌀, 누룩, 백미 등 충남의 신선한 재료를 사용했다. 깊은 풍미와 밸런스가 좋으며, 세련되고 분위기 있는 자리에 어울리는 술이다. 목넘김과 깊은 향 그리고 은은한 맛은 최상의 경험을 느낄 수 있다.","파전, 회, 치즈와 어울린다.",충남 서천군 한산면 충절로 1118
리큐르/기타주류,일오백블루,43%,"찹쌀(국내산), 백미(국내산), 누룩(밀:국내산), 정제수, 꿀, 들국화, 생지황, 메주콩, 생강, 홍고추",일오백 블루는 전통방식으로 증류한 일오백 골드를 한번 더 오크통에 숙성시킨 고급 증류주로서 은은한 갈색 빛과 어우러진 깊은 향은 소중한 이에게 더욱 특별한 선물이 될 수 있다. 인공적인 알콜향이 적고 부드러운 향과 단 맛이 풍부한 좋은 술이다.,"파전, 회, 치즈와 어울린다.",충남 서천군 한산면 충절로 1118
리큐르/기타주류,독산 30,30%,"정제수, 쌀(국내산), 누룩, 정제효소제, 효모","오산의 독산성 세마대지(국가사적 제 140호)에서 이름을 따 온 오산의 대표 증류주로 상압방식으로 증류하여 쌀소주의 풍미를 잘 살린 술이다. 구수하면서도 알싸한 향과, 깔끔한 목넘김이 매력적인 소주이다. G마크 인증을 받은 오산지역 특산품인 세마쌀을 100% 사용하며 일체의 합성첨가물이 없이 제조하며, 옹기 숙성과 냉동여과 방식으로 만들어내며 2019년 오산시 승격 30주년 기념의 해를 맞이해서 알코올 30%로 만들어진 지역대표 프리미엄 증류주이다.","가볍게는 초콜릿이나 과일안주와 좋고, 깐풍기, 양갈비나 곱창구이, 삽겹살, 족발 등과도 잘 어우러진다. 신선한 해산물과도 궁합이 좋다.",경기도 오산시 중앙동 시장길 63
리큐르/기타주류,청혼 레드25,25%,"경기미(용인백옥쌀), 경기미(보리), 밀누룩, 국, 효모","청혼 레드25는 제이앤제이 브루어리에서 만드는 청혼 시리즈 4종중 증류식소주이다. 곡물향, 은은한 단맛, 매우 부드러운 목넘김 후에 증류식소주 특징인 여운이 남는 보리 증류식소주이다. 매년 한정으로 생산한다.않은 자연스러운 단맛이 깔끔하게 느껴진다.","죽순, 표고버섯, 구기자를 넣고 끓인 삼취갱과 잘 어울린다. 개인차는 있겠지만 해산물, 고기류, 기름진 음식 등 어떤 음식과도 잘 어울릴 듯 하다.",경기도 용인시 처인구 양지면 남평로 114
리큐르/기타주류,북한강25,25%,"쌀(화천군), 누룩(국내산), 효모(토종), 정제수 [밀(곡류)함유]","북한강 맑은 물로 화천농부가 재배한 맛있는 갓 도정한 맛있는햅쌀, 누룩, 토종효모로만 만든 전통방식 막걸리를 걸러 약주로 오랜 장기간 저온 숙성 후 국내에서 제작한 상압방식 동 증류기로 한 방울 한 방울 모아 증류한 전통 증류식 소주로 장기간 일정한 저온으로 숙성해 상압방식의 특유한 향과 맛이 일품이다.","하이볼 및 칵테일로도 충분히 즐길 수 있다. 쏘가리, 메기, 빠가사리 등 민물고기 매운탕과 잘 어울린다.",강원도 화천군 하남면 공단길18
리큐르/기타주류,이강주,19%,"쌀, 소맥분, 정맥, 배, 생강, 계피, 울금, 꿀","이강주에서 느껴지는 배의 묵직함과 생강의 향긋함 그리고 꿀의 달콤함은 각각 다른 도수에서 다르게 느껴져 마실 때마다 새롭게 느껴지는 술이다. 또한, 쌀과 누룩 계피 생강 그리고 꿀로 만들어지는 이강주는 하나의 발효 통에 모든 재료를 다 넣고 발효를 시키는 것이 아니라 원료를 따로 넣어 발효한다. 계절과 시기에 따라 그 원물의 맛이 다르기에 따로 관리하면서 맛과 향을 맞추고 분석한다.","전통주 입문자가 즐기기에도 거부감이 지극히 적은 스타일. 닭볶음탕, 양념치킨, 배를 넣은 소불고기 및 소고기 전골 등 추천한다.",전주시 덕진구 매암길 28
리큐르/기타주류,고소리술,"29%  
							 
								 40%","쌀, 차조, 입국, 누룩, 효모, 효소, 정제수, 스테비올 배당체",제주도 최초의 쌀과 차조로 만든 40도의 곡물 원료의 증류식 소주이다. 견과류와 같은 고소한 향이 살짝 풍기면서 후미까지 여운이 이어진다. 그을린 견과류 향을 연상케하며 탄내 섞인 견과류의 구수함이 느껴진다.,"차게 얼려 마시면 그라빠와 같은 풍미를 느낄 수도 있다. 생선회, 해산물 등과 잘 어울린다.",제주 제주시 애월읍 애원로 283
리큐르/기타주류,진도대복홍주 진 22호,60%,"검정찹쌀(국내산),지초(국내산)",홍주는 조선시대 진상품으로 꼽힐 만큼 그 붉은 빛깔과 향이 감미로운 술입니다. 애주가들에게 인정받으며 그 명맥을 유지하고 있는 전통 명주입니다.,,전남 진도군 의신면 진도대로 2662-4
리큐르/기타주류,블링블링 바다별,15%,"정제수,사과(국내산100%),증류원액,정백당,효소처리스테비아,사과향(천연향료),구연산(산도조절제),진주빛색소,식용색소청색 제1호(착색료)","블링블링 바다별은 사과의 신맛과 달콤함이 어우러져 청량한 맛을 느낄 수 있으며, 아름다운 펄과 함께 마치 오로라를 연상시키는 리큐르입니다.","파스타,피자,샐러드 등과 잘 어울리며, 치즈 및 견과류의 간단한 안주류와 합께 드셔도 좋습니다.",경북 영덕군 강구면 소월1길 16-10
리큐르/기타주류,어린 꿀술,11.8%,"정제수, 꿀, 효모, 메타중아황산칼륨",꿀이 아닌 [꿀술]에서만 느낄 수 있는 상큼하고 색다른 맛과 향을 만날 수 있을 겁니다.,"식전주로 즐기셔도 좋고,올리브나 크래커 같은 간단한 와인 안주와도 잘 맞습니다.",서울특별시 관악구 신원로3가길 21 지층 (우 : 08774)
리큐르/기타주류,홀리 엠,37%,"오미자청, 정제수, 주정",직접 재배한 메밀을 이양주 방식으로 빚어낸 메밀증류주입니다.,"탕요리, 닭요리",강원도 홍천군 내촌면 용포길 31-25 (우 : 25163)
리큐르/기타주류,오매락 25,25%,"배증류원액(배81.07%), 매실(국내산), 오매(국내산0.01%)",기존 오매락에서 느낄 수 있는 배와 매실의 진한 맛과 향은 그대로 유지하면서 알콜도수를 낮추었습니다.,치즈,경기도 포천시 화현면 화현리 512
리큐르/기타주류,블링블링 바다별고래,15%,"포도, 정제수, 효소처리스테비아, 증류원액",바다별고래는 엄선하여 재배된 100% 국내산 포도를 사용하여 정성을 담아 탄생한 전통주입니다.,"치즈, 파스타, 피자, 샐러드.",경상북도 영덕군 강구면 소월1길 16-10 (우 : 36450)
리큐르/기타주류,도원결의,15%,"정제수, 증류원액, 복숭아, 복숭아향, 포도당, 효소처리스테비아","천연 복숭아 그대로를 첨가하여 빚어낸 부드러운 목 넘김과 과하지 않은 단맛, 상큼함의 조화가 돋보이는 리큐르입니다.","헤비한 음식보단 가벼운 과일 안주, 달달한 스낵, 크래커",경북 영덕군 강구면 소월1길 16-10
리큐르/기타주류,드랍더비트,14%,"정제수, 포도당, 레드비트, 효모",제주 레드비트는 서양 채소 4총사 중 하나로 내륙보다 따뜻한 기온과 바다에서 불어오는 해풍을 이겨내며제주에서 재배된 작물입니다.이러한 레드비트와 제주에서만 나오는 제주 붉은 누룩을 사용해 빚어 낸 전통주로써 붉은 색감과 깔끔한 뒷맛이 매력적인 건강함을 한껏 머금은 발효주입니다.,"견과류,불닭,양념치킨,돼지고기 두루치기",제주특별자치도 제주시 한경면 고산로2길 22-13
리큐르/기타주류,ULSSIGO 얼씨고,30%,"정제수, 주정, 헛개나무열매, 키위열매, 천연향료, 구연산(무수), 효소처리스테비아, 올리고당","얼씨고는 100% 천연 재료만 사용하여 만든 한국식 리큐르입니다.
3번 정제를 통해 목 넘김이 부드러워 특유의 맛과 향을 은은하게 즐길 수
있으며, 헛개열매와 상큼한 키위와 레몬이 만나 첫 맛음 상큼하게 시작해
다채로운 풍미로 이어지는 즐거움을 전달합니다.","피자, 파스타, 스테이크 등 파티음식, 육류, 해산물 등 각종 다양한 음식에 감칠맛을 더해줍니다.",전남 장흥군 장동면 석교상방이길 165
리큐르/기타주류,비왈츠 로지,8%,"벌꿀(국산), 유기농건조장미잎(국산), 정제수, 효모, 효모영양제, 구연산","비왈츠 로지는 국내 최초로 만들어진 로도멜(미드+장미 꽃잎)입니다.
춘천에서 양봉한 아카시아 벌꿀과 유기농 장미가 들어가 싱그럽고 달콤한 맛을 극대화했습니다.","카프레제 샐러드,문어 샐러드, 스테이크 타르타르, 크루아상",강원도 춘천시 소양고개길 6 미더리봉자 (우 : 24272)
리큐르/기타주류,긴밤을 지나,12%,"정제수,주정,청주,정백당,구연산,석류향,아세셀팜칼륨,식용색소 적색40호",깔끔한 맛과 부드러움이 특징인 청주를 베이스로 향긋하고 매력적인 석류향을 더한 전통주입니다.,,서울시 은평구 증산로7길 28-13
리큐르/기타주류,폭스앤홉스,9%,"쌀(국내산/지역햅쌀 100%), 입국, 홉(국내산 0.31%),정제효소제, 효모, 정제수","국내산 재료로 만든 전통주,국산재료만 사용하여 황금빛색의 술에 국내산 홉의 잔향,꽃향기를 맡을 수 있고, 적당한 탄산감으로 충분한 청량감을 느낄 수 있습니다.",,경상북도 문경시 동로면 노은리 192번지
리큐르/기타주류,무박이일,14%,"전조비수리(야관문), 정제수, 포도당, 효모","밤의 빗장을 열어주는 문이란 뜻으로 야관문을 먹으면 천리 밖에서도 빛이 보인답니다.

화학적 알코올을 일절 사용하지 않고 오직 누룩이 자연적으로 빚어낸 14% 알코올 함량의 전통주입니다.","삼계탕,족발.",제주특별자치도 제주시 한경면 고산로2길 22-13 (고산1리 다목적회관) 왕지케양조장 (우 : 63008)
리큐르/기타주류,블링블링 노을별,15%,"정제수, 포도과육(국내산100%)증류원액, 정백당, 효소처리스테비아, 포도향(천연향료)","블링블링 노을별은 영덕 바다의 은하수를 담아낸 우주 술로,

포도의 향과 맛이 조화롭게 어우러져 달콤함을 선사합니다!

아름다운 비주얼을 가지고 있는 은하수를 담은 이 전통주는 오로라를 연상시키며,

15%의 알코올 도수와 다양한 블렌딩 옵션으로 다채로운 즐거움을 제공합니다!","파스타,피자,샐러드..",경북 영덕군 강구면 소월1길 16-10
리큐르/기타주류,글린트(GLINT),15%,"쌀(국내산), 딸기(논산)","신선한 딸기를 한입 베어문듯 상큼한 딸기향이 입안 가득 느껴지며, 증류원액의 깊고 묵직함에 새콤 달달함이 더해져 코냑의 깊은 맛과 와인의 달달함을 동시에 느낄 수 있다.","해산물, 스테이크, 파스타, 피자 등 메인요리. 하몽, 치즈, 케이크, 쿠키 등 가벼운 디저트",서울특별시 강남구 영동대로122길 41 (삼성동)
리큐르/기타주류,우리WRY 과하주,18%,"정제수, 쌀(국내산), 주정, 국, 효모, 유산균, 밀함유","아름답고 우아한 황금빛 색감. 강렬한 풍미와 묵직한 여운을 남기는 과실향. 쌀의 달콤함, 입맛을 돋우는 산미, 쌉싸름함이 모두 담긴 오묘하고 섬세한 맛.","달콤한 디저트, 달콤하고 시원한 과일",서울특별시 성동구 성수일로 111 103호 우리서막
리큐르/기타주류,레이지 스프링,6%,"정제수, 딸기(국산), 벌꿀(국산), 효모, 이산화탄소, 효모영양제, 메타중아황산칼륨",달콤한 딸기와 아카시아꿀의 향과 함께 부드러운 탄산을 즐길 수 있다. 상온에서 10분간 기다리면 풍미가 살아난다.,,경기도 용인시 처인구 모현읍 초부로 148번길 23-42
리큐르/기타주류,맑은 바탕 오크,16%,"물, 찹쌀(국산), 오크칩, 개량누룩, 배양효모, 배양유산균, 밀 함유, 대두, 우유, 달걀, 아황산 혼입 가능",한국 발효주의 숙성의 묘미를 살리면서 오크향을 더한 발효주이다.,짭짤한 안주인 치즈나 올리브,"서울특별시 서초구 서초대로 360, 지하 104호 서울효모방"
리큐르/기타주류,사워미드,9.5%,"아카시아 벌꿀, 유산균, 와인 효모","아카시아 벌꿀과 유산균, 와인 효모를 넣어 만든 전통주입니다. 시큼한 맛을 줄여 부드러운 산미를 느낄 수 있습니다.",,경기도 김포시 태장로 741
리큐르/기타주류,금군 아카시아주,11%,"아카시아꽃 추출물, 주정, 설탕","아카시아 추출물이 70%나 함유된 금군 꽃술 아카시아주는 풍부한 꽃 본연의 향이 물씬 느껴진다. 사케처럼 따뜻하게 데워 마시면 꽃 향의 깊은 풍미를 느낄 수 있고, 차갑게 마시거나 탄산수와 섞어 마시면 입 속에서 청량함이 더해진다.",,전라북도 고창군 고창읍 태봉로564
리큐르/기타주류,한알한알,4.5%,"정제수, 보리, 쌀, 보리맥아, 호프펠렛, 효소제, 효모, 이산화탄소","서울대 출신 농부가 가루쌀을 활용하여 만든 자체 R&amp;amp;D 제품으로, 가루쌀을 사용하여 부드러운 목 넘김을 선사한다. 가루쌀의 담백하고 고소한 맛과 경쾌한 탄산이 입안을 가득 채우면서 느껴지는 시원한 느낌이 특징.",,전라북도 고창군 부안면 복분자로 434-129
리큐르/기타주류,JMT 자두,16%,"자두 리큐르 원액(자두 6.29%, 국내산), 정제수","양조장에서 직접 농사 지은 자두로 만든 리큐르다. 경남 함안에 위치한 양조장 가야주조는 집안에서 빚던 자두 술을 젊은 세대의 입맛에 맞게 재해석한 리큐르를 만드는 곳이다. 자두를 주정에 통째로 넣어 1달 이상 침출한 후에 7일 이상 숙성과 총 두 번의 여과를 거쳐 만들어지고, 달콤상큼한 자두의 풍미가 잘 살아있다. 향을 맡았을 때 코로 훅 들어오는 자두 내음이 매우 강렬하며 산미가 느껴진다. 차가운 탄산수를 넣어 하이볼로 마시면 청량함을 느낄 수 있다.","바닐라 아이스크림, 치즈 케이크",
리큐르/기타주류,사워보쉐,10.5%,"정제수, 벌꿀(국내산)30%, 유산균, 효모추출물, 효모",사워보쉐는 벌꿀을 높은 온도에서 캐러멜라이징하고 유산균과 알코올을 차례로 발효한 뒤 숙성과정을 거쳐 완성된다. 유산균 덕분에 약간의 산미가 더해져 꿀술의 풍미가 한층 풍부하다. 달콤한 꿀향과 샤인머스켓 향이 풍부하게 나는 것이 특징. 약간의 탄산감이 더해져 상쾌함과 함께 꿀향이 향긋해서 알코올 향은 거의 느껴지지 않는 편이다.,"카나페, 케이크",경기도 김포시 양촌읍 김포대로1759번길 33-23 2동
리큐르/기타주류,로얄그레이,11%,"정제수, 벌꿀(국내산, 경기도 남양주시), 사과(포천시), 배(남양주시), 얼그레이, 효모, 효모영양제, 산성아황산나트륨(산화방지제)",로얄그레이는 남양주의 야생화꿀을 베이스로 한 미드를 만드는 술빚는호랑이 미더리에서 만든 전통주다. 흐드러지게 피어난 숲 속의 여름 꽃에서 채밀된 여름 잡화꿀을 사용해 꿀의 풍미가 풍부하다. 술에서는 독특한 재료인 꿀향과 잘 어우러지는 얼그레이가 들어있다. 얼그레이 원물 그대로를 사용한 덕에 홍차의 깊은 향이 난다.,"샌드위치, 마들렌",경기도 남양주시 늘을1로16번길 29 (늘봄타워) 5층 502호
리큐르/기타주류,시작,9%,"정제수, 벌꿀, 이산화탄소, 주석산, 제이인산암모늄, 효모","시작은 친환경 꿀로 술을 빚는 부즈앤버즈 미더리에서 만들어진 술이다. 야생화 꿀과 효모만으로 이루어진 트래디셔널 미드로 은은하게 퍼지는 야생화 꿀향과 청량한 탄산감이 마치 시원한 바람처럼 느껴진다. 달달한 샴페인의 느낌도 나서 파티나 모임에 가져가기에 어울리는 술이다. 약간의 산미가 느껴지고 꿀의 은은한 단맛, 청량한 탄산감을 동시에 느낄 수 있는 스파클링 미드이다. 달달하고 마무리감이 깔끔하다.","햄버거, 케이크류의 디저트",경기도 용인시 처인구 모현읍 초부로 148번길 23-42 다동
리큐르/기타주류,비왈츠 오리지널,10%,"벌꿀(국산), 정제수, 효모, 천연자몽향","비왈츠는 6월 춘천 야생화의 꿀로 만든 미드이다. 춘천에 위치한 미더리봉자에서 꿀의 달콤함과 6월 야생화의 향긋함을 비왈츠 한 병에 모두 담아냈다. 미더리에서 직접 양봉해서 수확한 벌꿀이 35%나 들어있고, 미생물의 자연 활동으로 빚어진 술이다. 꿀향 뿐 아니라 은은한 열대과일향도 느껴지고 단맛으로 시작해서 살구와 리치의 과실향이 맛을 더 풍성하게 만들어준다. 이어서 산미가 살짝 혀를 자극하고 쌉싸름한 피니쉬로 여운을 준다.","카프레제 샐러드, 문어 샐러드, 스테이크 타르타르, 크루아상",강원도 춘천시 소양고개길 6 미더리봉자
리큐르/기타주류,뉴룩 오리지널,4%,"정제수, 알룰로오스, 쌀(경기미), 포도당, 효모, 누룩","당류 0g으로 청량감 가득한 전통주. 뉴룩 오리지널맛은 텁텁함이 없이 크리미함이 감돌아 가볍게 마시기 좋다. 막걸리에 사이다를 탄 막사와 같은 맛이 나면서, 그 청량함과 산뜻함이 돋보인다.","치킨, 마라, 튀김",경기도 화성시 동탄대로 636-1 1001호
리큐르/기타주류,뉴룩 레몬향,4%,"정제수, 알룰로오스, 쌀(경기미), 포도당, 효모, 누룩, 합성향료(레몬향)",당류 0g으로 청량감 가득한 전통주. 톡 쏘는 상큼함이 돋보이며 새콤달콤한 맛을 선사한다. 청량감이 풍부하며 가볍게 마시기 좋다.,"중식, 회",경기도 화성시 동탄대로 636-1 1001호
리큐르/기타주류,뉴룩 얼그레이향,4%,"정제수, 알룰로오스, 쌀(경기미), 포도당, 효모, 누룩, 합성향료(얼그레이향)",당류 0g으로 청량감 가득한 전통주. 달콤쌉쌀하게 입안에 감도는 홍차의 여운이 그대로 느껴진다.,"디저트류, 치즈, 전골",경기도 화성시 동탄대로 636-1 1001호
리큐르/기타주류,리치앤크리미,9%,"물, 찹쌀, 우유, 계란, 오크칩, 개량누룩, 배양효모, 버터, 배양유산균","포스트모더니즘을 바탕으로 전통주를 재구성해 우리술을 창조하는 서울효모방에서 탄생한 탁주. 우유, 계란, 바닐라빈 등의 독특한 재료 덕분에 진한 커스타드 풍미와 함께 산미가 느껴지는 막걸리다. 유크림의 깊고 고소한 맛과 직접 구운 캐러멜의 달콤한 향이 어우러져 바닐라 아이스크림을 연상케 한다.","크로아상, 소금빵","서울시 서초구 서초대로 360, 지하 104호 서울효모방"
리큐르/기타주류,쿨막,8.5%,"물, 찹쌀(국산), 개량누룩, 효모배양액, 생강(국산), 애플민트(국산), 홉, 로즈마리, 유산균배양액, 스피어민트","여름의 초록빛 홉과 민트의 은은한 향이 매력적인 탁주. 애플민트, 로즈메리 등 허브향을 느낄 수 있고 기분 좋은 쌉싸름함이 입을 깔끔하게 헹구어 주는 듯한 느낌이 난다.","전, 튀김, 치킨","서울시 서초구 서초대로 360, 지하 104호 서울효모방"
